event,level,capture_efficiency,risk_duration,ghost_proximity,input_density,survival_time,timestamp
trail_close,1,20.0,2.493,19.41,4,9.608,1776768770.071
trail_close,1,16.95,2.306,26.54,2,2.639,1776768772.71
trail_close,1,1.89,0.666,16.64,1,1.027,1776768773.737
trail_close,1,4.0,1.153,21.74,1,1.599,1776768775.336
player_death,1,42.84,1.418,0.56,2,1.749,1776768777.084
trail_close,1,8.21,1.489,25.3,0,3.566,1776768780.651
trail_close,1,14.74,2.06,17.81,3,2.551,1776768783.201
trail_close,1,5.47,1.236,8.01,3,2.301,1776768785.502
trail_close,1,26.63,0.972,7.22,2,6.483,1776768791.985
trail_close,1,12.74,1.977,15.74,5,30.003,1776786910.128
trail_close,1,2.95,1.205,7.95,3,1.864,1776786911.993
trail_close,1,11.26,1.399,18.85,0,1.761,1776786913.754
trail_close,1,3.47,1.249,16.11,3,1.499,1776786915.252
trail_close,1,18.32,3.226,19.9,4,3.976,1776786919.228
trail_close,1,0.84,0.414,22.64,1,0.722,1776786919.951
trail_close,1,1.89,0.494,6.65,0,1.236,1776786921.187
trail_close,1,7.58,0.902,14.31,0,1.564,1776786922.75
trail_close,1,9.26,2.411,15.84,5,3.716,1776786926.466
trail_close,1,2.74,1.071,4.74,0,1.484,1776786927.95
player_death,1,71.05,0.317,0.21,0,0.401,1776786928.352
trail_close,1,1.89,0.49,14.75,1,2.166,1776786930.517
trail_close,1,11.37,0.751,8.98,0,1.417,1776786931.935
trail_close,2,13.68,2.494,20.04,2,4.025,1776786935.959
trail_close,2,5.89,1.157,13.32,1,3.131,1776786939.091
trail_close,2,4.74,1.067,17.61,1,2.077,1776786941.168
trail_close,2,2.21,1.735,11.39,1,2.383,1776786943.551
trail_close,2,1.16,0.908,8.69,0,1.238,1776786944.788
trail_close,2,63.58,1.993,9.99,3,2.076,1776786946.864
trail_close,1,17.89,2.486,16.92,4,7.673,1776826594.722
trail_close,1,4.11,1.24,15.0,1,1.628,1776826596.35
trail_close,1,1.68,0.581,13.93,1,2.348,1776826598.698
trail_close,1,49.58,5.118,3.3,11,5.368,1776826604.066
trail_close,1,12.63,1.245,16.76,0,2.781,1776826606.847
trail_close,2,1.68,1.316,4.02,2,4.301,1776826611.148
trail_close,2,38.32,2.069,21.6,0,2.483,1776826613.631
trail_close,2,19.89,2.39,18.59,3,3.033,1776826616.664
trail_close,2,3.37,0.913,11.06,1,1.444,1776826618.108
trail_close,2,6.84,1.4,8.23,1,2.473,1776826620.581
player_death,2,70.11,0.994,0.5,1,1.325,1776826621.906
trail_close,2,8.74,0.583,10.69,0,3.556,1776826625.462
trail_close,2,10.21,0.746,10.98,0,1.08,1776826626.542
trail_close,3,4.11,3.543,12.18,8,5.362,1776826631.904
trail_close,3,44.53,0.66,1.66,2,1.265,1776826633.169
trail_close,3,0.63,0.715,3.53,2,3.025,1776826636.194
trail_close,3,2.53,2.011,3.76,5,3.284,1776826639.477
trail_close,3,20.74,1.812,9.6,0,2.256,1776826641.733
trail_close,3,2.53,0.74,11.16,1,1.761,1776826643.495
trail_close,3,3.26,1.157,5.07,1,1.488,1776826644.983
trail_close,3,0.42,0.165,3.13,0,0.66,1776826645.643
trail_close,3,1.47,0.581,7.4,0,0.916,1776826646.559
player_death,4,0.0,1.949,4.05,0,4.881,1776826651.44
trail_close,4,6.95,1.32,15.49,1,1.811,1776826653.251
trail_close,4,0.63,0.335,10.12,1,0.759,1776826654.01
trail_close,4,3.05,2.427,4.93,2,3.399,1776826657.409
trail_close,4,22.53,3.271,2.32,3,4.18,1776826661.589
trail_close,4,2.11,0.662,5.79,1,1.007,1776826662.596
trail_close,4,26.11,0.901,5.43,2,1.313,1776826663.909
trail_close,4,1.89,0.651,4.27,1,1.532,1776826665.441
trail_close,4,5.47,0.821,12.96,0,1.763,1776826667.204
trail_close,4,0.21,0.162,12.98,0,0.326,1776826667.53
trail_close,4,11.79,0.575,6.67,0,2.225,1776826669.755
trail_close,5,8.21,1.487,1.78,1,2.732,1776826672.486
trail_close,5,0.84,0.415,10.37,1,0.756,1776826673.242
player_death,5,9.05,0.885,3.83,1,1.149,1776826674.391
trail_close,5,2.11,0.657,7.13,1,1.482,1776826675.873
trail_close,5,70.74,3.12,1.18,9,3.535,1776826679.408
trail_close,6,10.11,1.853,4.86,3,4.115,1776826683.523
trail_close,6,2.21,0.745,10.45,1,1.209,1776826684.732
player_death,6,12.32,1.016,0.69,2,1.358,1776826686.09
trail_close,6,2.95,2.573,9.85,2,6.965,1776826693.055
trail_close,6,3.68,1.229,3.9,3,1.821,1776826694.876
trail_close,6,3.16,0.988,10.26,1,1.664,1776826696.54
trail_close,6,1.58,0.577,7.69,1,0.937,1776826697.477
trail_close,6,1.58,1.342,8.24,4,1.422,1776826698.899
trail_close,6,2.63,0.417,6.71,0,0.501,1776826699.4
trail_close,6,4.21,0.987,6.99,1,1.319,1776826700.719
trail_close,6,1.47,0.665,4.29,1,1.249,1776826701.968
trail_close,6,5.37,1.732,7.32,7,2.499,1776826704.467
trail_close,6,0.53,0.332,2.66,1,1.759,1776826706.226
trail_close,6,25.05,1.645,6.33,4,3.713,1776826709.939
trail_close,6,5.16,0.921,15.77,2,1.167,1776826711.106
trail_close,6,2.32,0.577,6.5,1,1.829,1776826712.935
trail_close,6,12.95,1.304,4.59,1,1.804,1776826714.739
trail_close,7,8.42,1.403,11.68,1,3.18,1776826717.919
player_death,7,8.42,0.296,0.74,0,0.874,1776826718.793
trail_close,7,1.37,0.753,7.42,3,2.594,1776826721.387
trail_close,7,6.95,1.336,10.45,1,2.083,1776826723.47
player_death,7,16.74,1.733,8.71,2,2.145,1776826725.615
trail_close,7,1.05,0.832,8.09,1,4.701,1776826730.316
player_death,7,17.79,1.945,6.86,4,2.194,1776826732.51
trail_close,1,28.95,2.072,28.84,0,5.481,1776826737.992
trail_close,1,38.32,2.227,23.33,2,3.516,1776826741.507
trail_close,1,1.89,1.622,6.42,1,2.525,1776826744.032
trail_close,1,8.53,1.817,8.04,4,2.15,1776826746.182
trail_close,1,6.95,0.917,7.77,0,1.749,1776826747.931
trail_close,2,20.11,3.067,12.5,5,4.849,1776826752.781
player_death,2,20.11,0.343,0.81,1,0.839,1776826753.62
player_death,2,20.11,1.762,10.07,1,4.32,1776826757.94
trail_close,2,20.95,1.968,11.81,1,4.117,1776826762.057
trail_close,2,1.47,1.155,1.06,2,1.317,1776826763.373
trail_close,2,1.89,0.746,11.26,0,1.289,1776826764.662
trail_close,2,20.95,1.564,3.27,0,1.814,1776826766.477
trail_close,2,10.42,0.746,10.82,0,2.498,1776826768.975
trail_close,2,1.89,0.734,9.73,0,1.312,1776826770.287
trail_close,2,2.84,0.749,5.92,0,1.156,1776826771.443
trail_close,3,11.37,1.646,13.42,1,4.318,1776826775.761
trail_close,3,11.47,1.487,19.54,2,4.203,1776826779.964
player_death,3,22.84,3.142,15.08,4,3.52,1776826783.484
trail_close,3,0.84,0.655,3.1,2,1.661,1776826785.145
player_death,3,23.68,0.727,0.26,2,1.137,1776826786.282
player_death,3,23.68,0.683,5.0,1,1.91,1776826788.192
trail_close,1,10.42,1.569,14.47,1,26.134,1776826814.326
trail_close,1,81.05,3.238,5.18,3,5.201,1776826819.527
trail_close,2,5.68,1.161,10.75,1,2.366,1776826821.893
trail_close,2,2.21,0.746,12.79,1,1.989,1776826823.882
trail_close,2,2.63,2.076,3.4,0,4.458,1776826828.34
player_death,2,10.53,2.301,8.34,4,4.36,1776826832.7
trail_close,2,6.84,1.076,8.69,0,2.231,1776826834.931
trail_close,2,4.0,1.664,16.28,2,2.006,1776826836.937
trail_close,2,4.95,1.688,13.71,3,2.638,1776826839.575
trail_close,2,2.21,1.343,9.4,2,2.312,1776826841.887
trail_close,2,3.16,1.487,14.24,2,1.818,1776826843.706
trail_close,2,2.84,0.911,9.3,1,2.508,1776826846.214
trail_close,2,24.0,1.581,11.02,2,3.352,1776826849.566
trail_close,2,33.58,1.748,22.36,5,4.585,1776826854.151
trail_close,3,9.16,1.841,14.82,5,4.764,1776826858.915
trail_close,3,1.79,1.402,7.26,3,2.131,1776826861.046
trail_close,3,7.58,1.335,16.78,1,3.574,1776826864.62
player_death,3,18.53,1.798,6.39,3,2.811,1776826867.431
trail_close,3,5.47,1.146,15.08,1,2.458,1776826869.889
trail_close,3,0.84,0.418,7.19,1,0.73,1776826870.619
trail_close,3,12.63,1.485,11.78,0,2.231,1776826872.85
trail_close,3,56.32,2.37,19.97,5,5.665,1776826878.515
trail_close,4,7.37,1.652,9.43,3,5.955,1776826884.47
trail_close,4,4.0,1.154,5.1,2,1.412,1776826885.882
trail_close,4,20.84,2.473,9.13,1,2.9,1776826888.782
trail_close,4,0.63,0.501,3.4,1,1.222,1776826890.004
trail_close,4,2.74,1.158,6.08,3,1.701,1776826891.705
player_death,4,35.58,2.178,2.8,5,2.509,1776826894.214
trail_close,4,22.53,1.495,10.05,2,3.729,1776826897.943
trail_close,4,41.26,2.644,14.72,4,7.513,1776826905.456
trail_close,5,2.53,0.748,7.82,1,1.903,1776826907.36
trail_close,5,7.26,2.069,10.8,1,3.723,1776826911.083
trail_close,5,3.26,2.368,6.1,4,3.481,1776826914.564
trail_close,5,2.32,1.087,9.37,0,1.533,1776826916.097
trail_close,5,5.37,0.599,7.02,1,1.147,1776826917.243
trail_close,5,15.58,1.62,8.68,4,1.67,1776826918.913
trail_close,5,7.47,0.913,6.81,0,1.308,1776826920.222
trail_close,5,2.63,0.411,10.92,0,0.989,1776826921.211
trail_close,5,13.16,2.725,7.61,3,2.807,1776826924.018
trail_close,5,12.32,0.344,4.26,0,1.414,1776826925.432
player_death,5,71.89,0.529,7.59,0,1.204,1776826926.636
trail_close,5,0.21,0.099,5.04,1,4.473,1776826931.108
trail_close,5,4.0,0.675,7.01,2,2.29,1776826933.399
trail_close,5,2.21,0.912,6.69,1,2.371,1776826935.77
trail_close,5,1.26,0.494,4.4,1,1.067,1776826936.837
trail_close,5,1.16,0.495,6.21,1,1.481,1776826938.318
trail_close,6,8.84,1.585,13.53,1,3.06,1776826941.378
trail_close,6,1.05,0.83,15.01,1,1.822,1776826943.2
trail_close,6,5.37,1.566,15.17,5,4.611,1776826947.81
trail_close,6,8.95,1.889,13.35,5,2.217,1776826950.027
trail_close,6,0.63,0.417,13.26,1,0.947,1776826950.974
trail_close,6,0.21,0.169,10.61,1,0.669,1776826951.643
trail_close,6,1.05,0.492,3.1,1,1.151,1776826952.794
trail_close,6,2.42,0.576,5.37,0,0.737,1776826953.531
trail_close,6,8.84,1.585,15.9,1,3.895,1776826957.426
trail_close,6,0.21,0.518,6.97,1,2.016,1776826959.443
trail_close,6,2.84,1.294,2.2,2,2.416,1776826961.858
trail_close,6,14.63,1.434,1.11,2,2.33,1776826964.188
player_death,6,55.05,0.0,0.19,0,0.052,1776826964.24
trail_close,6,3.05,1.074,9.38,0,2.87,1776826967.11
trail_close,6,4.21,0.416,6.76,0,1.892,1776826969.003
trail_close,6,2.53,0.499,15.45,0,1.07,1776826970.072
trail_close,6,1.68,0.858,10.23,1,3.884,1776826973.956
trail_close,6,1.89,1.184,5.01,3,2.098,1776826976.054
trail_close,6,1.79,0.868,6.29,2,1.118,1776826977.172
trail_close,6,29.79,4.344,18.41,5,5.264,1776826982.436
trail_close,7,3.16,0.843,19.65,1,2.126,1776826984.562
player_death,7,3.16,0.728,0.13,1,2.053,1776826986.615
trail_close,7,2.53,0.836,7.1,1,1.523,1776826988.138
trail_close,7,24.95,1.839,12.9,2,3.646,1776826991.784
trail_close,7,10.0,0.983,13.51,0,3.385,1776826995.169
trail_close,7,4.0,1.002,6.95,5,9.716,1776827004.885
trail_close,7,2.95,0.701,8.97,0,1.001,1776827005.886
player_death,7,47.58,0.568,0.77,1,0.864,1776827006.751
trail_close,7,3.47,1.202,5.38,3,6.74,1776827013.491
trail_close,7,0.32,0.32,7.95,2,2.212,1776827015.703
trail_close,7,2.11,0.657,15.69,1,4.662,1776827020.364
trail_close,7,8.0,1.243,7.71,3,2.644,1776827023.008
trail_close,7,6.32,3.053,12.59,9,7.51,1776827030.518
trail_close,7,6.32,1.384,5.39,2,2.243,1776827032.761
trail_close,7,25.89,1.191,499.95,4,10.253,1776827043.014
trail_close,8,2.63,0.748,20.61,1,2.368,1776827045.382
trail_close,8,1.89,0.669,13.44,1,2.283,1776827047.665
trail_close,8,7.58,1.411,24.68,1,3.749,1776827051.415
trail_close,8,6.0,1.502,2.42,3,5.318,1776827056.732
trail_close,8,5.47,1.731,8.22,5,2.72,1776827059.453
trail_close,8,0.11,0.084,7.06,1,0.297,1776827059.75
trail_close,8,8.84,1.508,21.31,0,1.918,1776827061.668
trail_close,8,11.79,2.904,9.22,11,3.148,1776827064.815
player_death,8,44.32,0.695,1.06,1,1.005,1776827065.82
trail_close,8,0.53,0.41,5.94,2,1.649,1776827067.469
trail_close,8,0.42,0.25,12.42,1,1.648,1776827069.118
trail_close,8,2.0,1.181,6.13,0,3.626,1776827072.744
trail_close,8,2.0,0.94,10.9,0,2.271,1776827075.015
trail_close,8,6.95,1.315,9.87,0,1.628,1776827076.643
trail_close,8,23.05,1.983,23.67,5,5.649,1776827082.292
trail_close,8,1.58,0.41,3.51,0,2.226,1776827084.518
trail_close,9,1.58,0.581,10.56,1,1.877,1776827086.395
trail_close,9,12.0,1.986,15.04,1,4.897,1776827091.292
trail_close,9,3.16,2.805,2.85,4,4.554,1776827095.846
trail_close,9,3.26,4.32,6.14,2,6.911,1776827102.757
trail_close,9,0.21,0.169,4.32,1,5.165,1776827107.922
player_death,9,20.21,9.569,0.56,3,9.65,1776827117.572
trail_close,9,0.74,0.415,13.67,3,1.786,1776827119.358
player_death,9,20.95,4.967,2.02,0,8.746,1776827128.104
trail_close,9,1.05,0.502,15.47,1,5.034,1776827133.138
trail_close,9,0.84,0.564,5.6,1,2.967,1776827136.105
trail_close,9,45.47,1.337,20.43,0,1.5,1776827137.605
trail_close,9,4.63,0.917,5.68,0,1.747,1776827139.352
trail_close,9,1.89,0.659,7.23,1,1.9,1776827141.252
trail_close,9,0.95,0.421,6.99,1,1.086,1776827142.338
trail_close,9,3.79,0.989,13.58,0,1.252,1776827143.589
trail_close,9,0.84,0.421,6.13,1,1.198,1776827144.788
trail_close,10,2.21,0.75,7.32,1,2.146,1776827146.934
trail_close,10,1.47,0.665,9.76,1,6.354,1776827153.288
trail_close,10,1.05,0.498,11.72,1,0.674,1776827153.961
trail_close,10,58.63,3.841,19.77,10,5.767,1776827159.728
trail_close,10,15.16,1.244,14.42,1,3.054,1776827162.782
trail_close,10,2.53,0.988,9.83,0,1.236,1776827164.018
player_death,11,0.0,1.139,3.88,2,2.619,1776827166.637
trail_close,11,0.63,0.434,5.47,2,5.168,1776827171.805
player_death,11,0.63,0.821,1.0,2,5.897,1776827177.702
trail_close,11,1.68,0.773,11.23,1,1.333,1776827179.035
trail_close,1,13.16,2.255,21.77,0,4.097,1776827477.1
trail_close,1,3.79,1.002,20.47,1,1.482,1776827478.581
trail_close,1,3.79,0.999,23.2,1,2.165,1776827480.746
trail_close,1,46.63,2.52,10.04,5,3.467,1776827484.213
trail_close,1,5.37,0.957,15.2,1,1.256,1776827485.468
trail_close,1,3.79,0.443,10.04,0,0.979,1776827486.447
trail_close,1,8.84,0.599,11.96,0,0.747,1776827487.194
trail_close,2,5.05,1.253,19.26,1,2.219,1776827489.413
trail_close,2,11.79,1.504,19.04,1,3.534,1776827492.947
trail_close,2,83.16,1.903,499.95,3,4.079,1776827497.026
trail_close,3,3.68,0.908,12.13,1,3.709,1776827500.734
trail_close,3,2.74,0.936,10.21,3,2.711,1776827503.446
trail_close,3,15.16,2.191,2.27,3,2.436,1776827505.881
trail_close,3,0.84,0.418,9.11,1,0.878,1776827506.76
trail_close,3,10.95,2.365,2.64,5,4.254,1776827511.013
trail_close,3,16.32,2.82,13.49,3,3.331,1776827514.344
trail_close,3,2.32,0.751,12.02,1,1.08,1776827515.425
trail_close,3,10.0,1.404,7.53,2,1.737,1776827517.161
trail_close,3,1.68,0.583,5.26,1,1.712,1776827518.873
trail_close,3,1.16,0.913,3.84,1,2.279,1776827521.153
trail_close,3,7.37,1.578,4.91,4,1.905,1776827523.058
trail_close,3,0.95,0.416,6.93,1,0.764,1776827523.822
player_death,3,73.16,0.067,0.3,0,0.477,1776827524.299
trail_close,3,5.05,1.419,8.66,2,3.575,1776827527.874
player_death,3,78.21,0.169,0.99,0,0.582,1776827528.455
trail_close,3,0.95,0.752,6.08,0,2.95,1776827531.406
trail_close,3,0.84,0.416,7.82,1,0.831,1776827532.237
trail_close,4,6.32,1.326,6.75,1,5.26,1776827537.497
trail_close,4,0.32,0.251,4.74,1,0.444,1776827537.941
trail_close,4,0.95,0.752,8.33,1,1.249,1776827539.19
trail_close,4,13.37,2.232,6.63,5,3.209,1776827542.4
trail_close,4,0.21,0.168,4.0,0,0.896,1776827543.296
trail_close,4,1.05,0.828,4.56,1,1.368,1776827544.664
trail_close,4,2.32,1.079,2.41,1,1.324,1776827545.988
trail_close,4,2.95,2.41,2.28,2,2.984,1776827548.971
trail_close,4,2.11,0.656,9.24,1,1.216,1776827550.187
trail_close,4,3.68,0.583,15.23,0,0.664,1776827550.852
trail_close,4,6.11,0.577,8.47,0,1.65,1776827552.501
player_death,4,39.37,0.901,6.95,1,0.981,1776827553.482
trail_close,4,4.11,1.084,12.36,0,4.854,1776827558.336
trail_close,4,0.11,0.886,6.78,1,6.432,1776827564.768
trail_close,4,41.58,1.492,5.67,3,2.231,1776827566.999
trail_close,5,14.32,2.243,21.38,2,3.381,1776827570.38
trail_close,5,3.79,0.991,13.99,1,1.433,1776827571.812
trail_close,5,7.79,1.255,15.76,1,2.077,1776827573.889
trail_close,5,0.42,0.337,10.6,1,0.749,1776827574.638
trail_close,5,0.42,0.25,16.62,1,2.707,1776827577.344
trail_close,5,5.89,1.169,16.39,1,1.509,1776827578.853
trail_close,5,0.63,0.503,4.18,0,3.998,1776827582.852
trail_close,5,20.63,2.501,15.73,5,2.831,1776827585.683
trail_close,5,0.95,0.742,3.54,1,4.874,1776827590.556
player_death,5,54.84,2.398,4.36,3,2.726,1776827593.282
trail_close,5,2.42,0.918,4.99,4,2.517,1776827595.799
trail_close,5,1.26,0.993,10.43,0,2.385,1776827598.183
player_death,5,58.53,0.535,0.68,0,2.029,1776827600.213
trail_close,5,7.89,1.084,11.12,0,3.367,1776827603.58
trail_close,5,0.53,0.58,8.68,1,0.989,1776827604.569
trail_close,5,6.95,2.086,8.04,5,3.594,1776827608.164
trail_close,5,3.37,0.6,6.48,0,2.314,1776827610.478
trail_close,5,0.42,0.299,8.36,1,0.834,1776827611.312
player_death,5,77.68,0.516,2.23,1,0.667,1776827611.979
player_death,1,0.0,0.0,15.46,0,1.995,1776827613.974
trail_close,1,6.21,5.717,36.3,5,6.34,1776827620.314
trail_close,1,6.21,2.227,15.84,5,8.505,1776827628.819
trail_close,1,8.63,2.509,14.52,5,2.85,1776827631.668
trail_close,1,53.68,2.298,16.78,4,3.373,1776827635.042
trail_close,1,6.21,0.745,10.75,0,1.163,1776827636.205
trail_close,1,6.63,0.442,8.47,0,0.688,1776827636.893
trail_close,2,1.89,0.838,9.92,3,2.219,1776827639.112
trail_close,2,12.32,1.905,11.51,1,2.316,1776827641.428
trail_close,2,0.84,0.666,2.15,1,1.214,1776827642.642
trail_close,2,83.68,4.875,10.9,6,5.207,1776827647.849
trail_close,3,18.53,2.238,22.04,2,4.045,1776827651.894
trail_close,3,2.53,0.749,11.38,1,1.455,1776827653.349
trail_close,3,1.89,0.825,14.34,1,1.561,1776827654.91
trail_close,3,1.47,1.155,4.64,1,1.4,1776827656.31
trail_close,3,19.58,2.316,7.76,2,3.308,1776827659.618
trail_close,3,3.16,0.828,8.89,1,2.393,1776827662.011
trail_close,3,5.58,1.583,6.59,1,1.911,1776827663.922
trail_close,3,0.42,0.264,8.42,0,0.343,1776827664.266
player_death,3,53.16,1.271,3.87,3,1.982,1776827666.248
trail_close,3,3.89,0.822,6.06,1,2.478,1776827668.726
trail_close,3,2.21,1.738,11.17,2,5.732,1776827674.459
trail_close,3,8.84,1.153,9.98,0,2.799,1776827677.258
trail_close,3,16.95,3.008,9.39,6,5.399,1776827682.657
trail_close,4,1.68,1.339,2.52,3,3.584,1776827686.24
trail_close,4,20.21,2.585,8.97,3,2.998,1776827689.239
trail_close,4,3.16,2.835,3.38,6,6.149,1776827695.387
trail_close,4,2.53,0.905,4.57,1,1.166,1776827696.553
trail_close,4,0.63,0.249,3.32,0,0.332,1776827696.885
trail_close,4,2.63,1.322,9.38,3,1.404,1776827698.289
trail_close,4,2.42,1.166,4.16,3,1.512,1776827699.801
trail_close,4,46.42,1.658,6.85,3,2.335,1776827702.136
trail_close,4,3.47,0.488,3.6,0,1.447,1776827703.582
trail_close,5,20.53,2.496,17.25,4,3.682,1776827707.265
trail_close,5,11.05,2.408,3.52,7,4.311,1776827711.576
trail_close,5,1.79,1.538,2.56,1,3.693,1776827715.269
trail_close,5,3.05,2.16,6.83,2,4.674,1776827719.943
trail_close,5,0.32,0.051,13.11,0,0.625,1776827720.568
trail_close,5,9.68,1.049,4.18,1,1.197,1776827721.765
trail_close,5,7.47,0.496,9.58,2,0.544,1776827722.309
trail_close,5,2.21,0.75,2.13,1,1.924,1776827724.233
trail_close,5,2.95,0.847,3.75,3,2.901,1776827727.134
trail_close,5,0.74,0.351,7.77,0,0.792,1776827727.926
trail_close,5,15.89,0.345,9.68,0,0.393,1776827728.319
trail_close,5,1.47,0.347,8.55,0,0.892,1776827729.212
trail_close,5,8.11,0.45,20.37,3,0.854,1776827730.066
trail_close,6,0.42,0.258,5.45,1,2.873,1776827732.939
player_death,6,0.42,1.343,5.97,5,2.909,1776827735.848
trail_close,6,5.37,1.589,13.89,3,1.921,1776827737.768
trail_close,6,4.21,1.577,6.67,2,2.288,1776827740.057
trail_close,6,0.95,0.469,7.48,1,0.891,1776827740.948
trail_close,6,5.79,0.99,20.66,1,1.645,1776827742.593
trail_close,6,4.0,1.247,2.77,3,1.745,1776827744.338
trail_close,6,7.58,1.331,10.13,1,1.858,1776827746.195
trail_close,6,8.0,1.49,15.7,3,6.394,1776827752.589
trail_close,6,6.0,0.919,9.31,0,1.743,1776827754.332
trail_close,6,13.05,1.336,8.54,3,1.617,1776827755.949
trail_close,6,0.95,0.74,3.79,1,1.083,1776827757.032
player_death,6,56.32,0.53,0.36,1,1.111,1776827758.143
trail_close,6,0.32,0.248,10.4,1,1.335,1776827759.478
trail_close,6,36.74,2.853,5.4,4,3.401,1776827762.879
trail_close,7,6.63,1.242,13.37,1,2.84,1776827765.719
trail_close,7,4.63,2.482,14.05,3,9.244,1776827774.963
trail_close,7,13.89,0.742,13.54,0,1.735,1776827776.698
trail_close,7,10.11,1.131,1.11,2,1.177,1776827777.875
player_death,7,35.26,0.987,1.99,1,2.221,1776827780.096
trail_close,7,0.42,0.902,10.09,2,6.873,1776827786.969
trail_close,1,5.26,1.158,7.11,1,3.058,1776827873.173
trail_close,1,7.37,1.334,16.15,1,1.843,1776827875.016
trail_close,1,12.0,2.5,25.02,1,3.083,1776827878.099
trail_close,1,75.37,5.302,18.51,5,5.549,1776827883.648
trail_close,2,34.11,2.484,25.53,4,4.167,1776827887.816
trail_close,2,2.63,2.077,6.36,0,2.623,1776827890.438
trail_close,2,3.16,0.82,6.83,1,1.311,1776827891.75
trail_close,2,4.42,0.498,9.66,0,0.581,1776827892.331
trail_close,2,3.79,0.915,11.26,2,1.165,1776827893.496
trail_close,2,10.95,1.83,17.02,3,2.415,1776827895.911
trail_close,2,21.47,1.484,5.97,0,3.152,1776827899.063
trail_close,3,5.89,1.17,13.48,1,2.953,1776827902.015
trail_close,3,10.95,2.667,13.26,7,3.297,1776827905.312
trail_close,3,1.05,0.823,3.77,2,1.152,1776827906.464
trail_close,3,0.21,0.167,7.93,0,1.466,1776827907.929
trail_close,3,9.79,1.586,6.69,3,1.666,1776827909.595
trail_close,3,12.84,2.583,8.22,1,3.032,1776827912.627
trail_close,3,12.95,1.241,17.33,0,1.585,1776827914.212
trail_close,3,3.47,2.283,8.11,5,2.647,1776827916.859
trail_close,3,4.74,0.918,5.1,2,1.985,1776827918.844
trail_close,3,0.21,0.167,2.89,1,0.249,1776827919.093
trail_close,3,0.42,0.25,5.5,1,0.333,1776827919.426
trail_close,3,0.95,0.412,7.72,1,0.493,1776827919.919
trail_close,3,4.21,0.329,9.92,0,0.413,1776827920.332
trail_close,3,2.0,0.583,5.93,0,0.995,1776827921.326
trail_close,3,1.68,0.742,7.66,1,1.07,1776827922.396
trail_close,3,1.89,0.657,10.87,0,1.817,1776827924.213
trail_close,3,1.05,0.493,1.96,1,1.534,1776827925.747
trail_close,3,8.53,0.492,4.99,2,1.232,1776827926.979
trail_close,4,15.79,2.087,24.53,0,3.55,1776827930.529
trail_close,4,3.16,0.828,8.63,1,1.631,1776827932.16
trail_close,4,6.0,1.938,16.21,5,3.436,1776827935.595
trail_close,4,3.05,0.983,8.75,2,1.479,1776827937.074
trail_close,4,0.21,0.17,19.86,0,0.585,1776827937.659
trail_close,4,3.16,0.905,8.58,2,1.402,1776827939.061
trail_close,4,13.05,1.503,25.94,0,2.248,1776827941.309
trail_close,4,3.68,0.911,15.53,1,1.549,1776827942.857
trail_close,4,0.63,0.333,4.91,1,1.25,1776827944.107
trail_close,4,6.32,0.991,19.28,0,1.985,1776827946.092
trail_close,4,2.53,0.75,6.01,1,3.047,1776827949.139
trail_close,4,22.53,4.142,3.65,8,5.799,1776827954.939
trail_close,5,36.0,3.469,6.13,6,5.285,1776827960.224
trail_close,5,4.21,0.993,14.15,1,1.553,1776827961.777
trail_close,5,18.84,5.226,6.23,8,5.891,1776827967.668
trail_close,5,8.74,1.077,10.34,0,1.621,1776827969.289
trail_close,5,0.11,0.083,10.86,1,0.166,1776827969.455
trail_close,5,9.26,0.411,10.47,0,0.493,1776827969.947
trail_close,5,0.32,0.246,4.4,2,0.659,1776827970.607
trail_close,5,1.58,0.42,7.01,0,0.666,1776827971.273
trail_close,5,0.53,0.332,6.85,2,0.414,1776827971.686
trail_close,5,0.74,0.577,4.63,2,0.983,1776827972.669
trail_close,6,4.21,0.986,10.85,1,2.354,1776827975.024
trail_close,6,20.0,3.151,11.83,0,4.313,1776827979.336
trail_close,6,3.47,2.752,10.68,0,4.3,1776827983.636
trail_close,6,6.21,1.584,3.17,6,2.332,1776827985.968
player_death,6,33.89,0.0,0.27,0,0.599,1776827986.567
trail_close,6,5.68,0.283,5.73,0,3.468,1776827990.034
trail_close,6,30.32,1.325,3.68,0,1.409,1776827991.443
trail_close,6,3.37,1.322,3.14,0,1.772,1776827993.215
trail_close,6,11.68,1.401,5.13,1,2.118,1776827995.334
trail_close,7,4.0,3.168,13.26,0,10.119,1776828005.453
trail_close,7,31.79,3.061,6.58,6,6.14,1776828011.593
trail_close,7,14.95,1.909,5.4,4,3.146,1776828014.739
trail_close,7,5.79,1.418,9.34,3,3.175,1776828017.914
trail_close,7,2.53,0.785,7.94,1,1.566,1776828019.48
player_death,7,59.05,0.485,0.38,1,2.402,1776828021.882
player_death,7,59.05,1.73,1.35,2,4.395,1776828026.277
trail_close,7,4.21,1.241,7.97,3,9.928,1776828036.205
trail_close,7,1.68,0.581,5.14,1,1.142,1776828037.347
trail_close,7,0.84,0.497,9.83,0,1.18,1776828038.527
trail_close,7,1.47,1.157,6.92,1,3.266,1776828041.793
trail_close,7,0.53,0.465,8.33,1,0.715,1776828042.508
player_death,7,67.79,1.052,7.55,0,3.52,1776828046.027
trail_close,1,28.11,2.753,25.09,6,4.148,1776828163.584
trail_close,1,5.05,1.334,14.07,1,1.665,1776828165.248
trail_close,1,13.68,2.415,13.85,2,2.833,1776828168.081
trail_close,1,27.89,1.651,14.26,0,2.317,1776828170.399
trail_close,1,0.95,0.415,2.19,1,0.747,1776828171.146
trail_close,1,7.47,0.834,10.99,0,1.334,1776828172.48
player_death,2,0.0,2.64,13.9,3,3.899,1776828176.378
player_death,2,0.0,4.091,11.11,10,4.258,1776828180.637
trail_close,2,4.21,1.003,8.63,1,1.412,1776828182.048
trail_close,2,3.37,2.658,12.08,2,3.401,1776828185.45
trail_close,2,2.53,1.085,13.08,1,1.512,1776828186.962
trail_close,2,1.05,0.593,4.4,2,0.672,1776828187.634
trail_close,2,0.11,0.101,12.36,1,1.044,1776828188.678
trail_close,2,0.21,0.166,10.86,1,0.25,1776828188.928
trail_close,2,6.32,0.83,16.96,0,0.911,1776828189.839
trail_close,2,3.68,1.079,3.22,0,1.472,1776828191.311
trail_close,2,8.32,1.324,12.38,1,1.733,1776828193.044
trail_close,2,12.32,1.079,9.58,0,2.17,1776828195.215
trail_close,2,35.05,1.203,1.89,2,4.865,1776828200.08
trail_close,2,1.89,0.496,2.3,1,1.225,1776828201.305
trail_close,2,1.26,0.252,3.77,0,0.878,1776828202.184
trail_close,3,8.42,1.668,11.39,3,5.011,1776828207.194
trail_close,3,1.58,1.253,5.01,0,3.734,1776828210.929
trail_close,3,13.05,1.991,9.39,1,2.152,1776828213.081
trail_close,3,22.53,3.818,13.22,9,4.243,1776828217.324
trail_close,3,19.79,2.882,7.15,5,3.332,1776828220.655
trail_close,3,7.89,0.745,10.28,1,1.977,1776828222.633
trail_close,3,15.05,2.646,1.93,6,5.031,1776828227.664
trail_close,4,6.63,1.741,7.59,3,3.819,1776828231.483
trail_close,4,13.26,1.837,3.48,1,2.243,1776828233.725
trail_close,4,2.95,1.691,6.0,2,3.048,1776828236.773
player_death,4,22.84,1.036,4.88,1,2.29,1776828239.064
trail_close,4,15.16,1.408,11.73,2,3.331,1776828242.395
trail_close,4,2.84,2.248,5.14,4,4.642,1776828247.036
trail_close,4,17.79,0.743,5.39,0,1.452,1776828248.489
trail_close,4,11.47,1.134,3.65,0,2.517,1776828251.005
trail_close,4,5.37,1.389,4.46,3,4.585,1776828255.59
trail_close,4,4.74,0.346,7.11,0,1.083,1776828256.673
trail_close,5,1.58,0.588,5.17,1,1.847,1776828258.52
trail_close,5,0.95,0.416,11.66,1,0.825,1776828259.345
trail_close,5,0.84,0.419,18.41,1,0.746,1776828260.09
trail_close,5,25.58,2.089,22.0,0,2.4,1776828262.49
trail_close,5,1.05,1.239,3.63,1,4.347,1776828266.837
player_death,5,30.0,2.098,0.62,2,2.728,1776828269.566
trail_close,5,3.47,2.775,4.83,4,7.694,1776828277.259
trail_close,5,1.68,0.749,3.28,1,1.076,1776828278.335
trail_close,5,31.05,0.823,3.9,1,1.235,1776828279.57
trail_close,5,8.42,1.334,8.31,1,1.581,1776828281.151
trail_close,5,0.32,0.302,4.27,1,2.451,1776828283.602
trail_close,5,6.11,0.798,5.16,2,1.096,1776828284.698
trail_close,6,15.79,2.066,17.64,0,3.429,1776828288.127
trail_close,6,2.53,0.753,6.93,1,1.357,1776828289.484
player_death,6,18.32,1.701,5.55,5,3.279,1776828292.764
trail_close,6,2.63,0.753,6.34,1,2.054,1776828294.818
trail_close,6,16.53,2.342,9.58,5,2.832,1776828297.65
trail_close,6,3.47,2.722,6.66,4,3.35,1776828301.0
trail_close,6,3.47,0.74,9.06,0,2.365,1776828303.365
trail_close,6,32.95,2.06,4.74,3,4.326,1776828307.691
player_death,6,77.37,0.625,0.49,3,0.706,1776828308.397
trail_close,6,2.0,0.409,8.03,1,8.544,1776828316.94
trail_close,6,1.47,0.579,8.84,0,1.734,1776828318.674
trail_close,7,3.16,0.832,20.6,1,2.208,1776828320.883
trail_close,7,3.16,1.11,8.3,1,3.456,1776828324.338
player_death,7,6.32,1.109,7.09,0,1.665,1776828326.004
player_death,7,6.32,0.799,1.98,3,1.707,1776828327.711
trail_close,7,10.11,2.588,18.16,4,4.371,1776828332.082
trail_close,7,7.05,0.753,5.91,0,2.163,1776828334.245
trail_close,7,0.63,0.338,5.18,1,1.801,1776828336.046
trail_close,7,0.32,0.253,7.14,1,0.834,1776828336.88
trail_close,7,3.16,1.161,5.63,2,3.325,1776828340.204
trail_close,7,11.68,0.993,10.0,0,2.131,1776828342.335
trail_close,7,5.58,1.12,13.22,3,14.643,1776828356.978
player_death,7,44.84,0.213,0.25,0,3.503,1776828360.481
trail_close,7,2.11,0.889,3.52,1,3.782,1776828364.263
trail_close,7,5.16,0.835,7.38,0,1.245,1776828365.508
trail_close,7,1.05,0.837,9.48,0,2.935,1776828368.443
trail_close,7,1.68,1.445,4.61,4,2.946,1776828371.389
trail_close,7,2.32,1.852,8.3,4,3.384,1776828374.773
trail_close,7,5.89,1.083,6.98,2,1.433,1776828376.206
player_death,7,63.05,1.462,3.63,2,2.441,1776828378.647
trail_close,1,28.42,2.484,17.09,4,7.016,1776828480.494
trail_close,1,4.42,1.329,10.23,3,1.934,1776828482.428
trail_close,1,4.95,1.238,10.9,2,4.798,1776828487.226
trail_close,1,62.21,3.734,499.95,10,4.9,1776828492.126
trail_close,2,7.58,1.421,13.36,1,3.003,1776828495.129
trail_close,2,1.89,0.668,19.43,1,1.849,1776828496.977
trail_close,2,90.53,5.8,499.95,10,6.213,1776828503.19
trail_close,3,15.79,2.087,5.76,0,3.386,1776828506.576
trail_close,3,1.26,0.658,3.77,2,1.816,1776828508.392
trail_close,3,3.47,2.741,6.09,5,3.355,1776828511.747
trail_close,3,4.11,1.245,8.17,1,1.575,1776828513.322
trail_close,3,4.21,0.669,13.31,0,0.752,1776828514.074
trail_close,3,16.32,2.16,16.91,17,3.232,1776828517.306
trail_close,3,0.32,0.248,9.16,1,1.346,1776828518.652
trail_close,3,0.11,0.082,9.39,1,0.16,1776828518.813
trail_close,3,1.79,0.907,11.62,7,0.989,1776828519.802
trail_close,3,4.42,1.033,7.88,3,3.067,1776828522.87
trail_close,3,14.53,1.343,3.3,2,1.568,1776828524.437
player_death,3,66.32,0.733,3.98,1,2.366,1776828526.803
trail_close,3,1.89,1.033,5.61,3,4.417,1776828531.22
trail_close,3,13.05,0.499,4.17,0,1.116,1776828532.336
trail_close,4,1.89,0.671,7.62,1,1.94,1776828534.276
player_death,4,1.89,2.266,8.1,2,3.51,1776828537.786
trail_close,4,4.21,1.084,2.01,1,1.92,1776828539.706
trail_close,4,93.89,3.86,499.95,4,4.64,1776828544.346
trail_close,5,3.37,0.922,10.54,1,4.345,1776828548.691
trail_close,5,0.95,0.419,4.64,1,0.969,1776828549.659
trail_close,5,1.26,0.811,9.09,1,1.465,1776828551.125
trail_close,5,46.0,5.167,6.79,4,9.726,1776828560.851
trail_close,5,4.11,0.5,13.11,0,2.383,1776828563.234
trail_close,5,3.68,2.909,16.76,7,3.073,1776828566.307
trail_close,5,9.47,0.908,9.04,1,2.181,1776828568.489
trail_close,5,8.11,1.165,6.19,2,1.578,1776828570.067
trail_close,5,5.89,0.826,6.6,0,1.107,1776828571.174
trail_close,6,19.16,2.486,20.02,4,4.011,1776828575.185
trail_close,6,2.63,1.187,4.75,3,1.511,1776828576.696
trail_close,6,1.05,0.837,4.89,0,1.573,1776828578.269
player_death,6,22.84,1.417,2.86,4,3.479,1776828581.748
trail_close,6,4.84,1.169,7.45,1,2.252,1776828584.0
trail_close,6,1.05,0.825,4.51,1,1.233,1776828585.233
trail_close,6,0.95,0.751,9.72,1,1.165,1776828586.398
trail_close,6,0.84,1.653,17.15,4,4.751,1776828591.149
trail_close,6,7.05,1.587,14.07,1,2.165,1776828593.314
player_death,6,37.58,0.949,0.38,0,2.446,1776828595.76
trail_close,6,6.11,1.552,3.27,3,2.739,1776828598.499
player_death,6,43.68,0.275,0.71,1,0.513,1776828599.012
trail_close,6,3.26,2.911,3.25,5,5.908,1776828604.92
trail_close,6,17.89,2.075,14.07,2,2.708,1776828607.628
trail_close,6,17.47,1.582,7.76,2,4.798,1776828612.426
player_death,7,0.0,1.35,0.21,1,3.833,1776828616.259
player_death,7,0.0,1.433,12.48,1,2.034,1776828618.293
trail_close,7,6.21,1.322,13.21,3,2.655,1776828620.948
trail_close,1,4.21,1.002,15.96,1,10.43,1776847028.337
trail_close,1,0.84,0.419,15.06,1,0.932,1776847029.269
trail_close,1,4.42,0.996,19.32,1,1.244,1776847030.513
trail_close,1,1.05,0.497,19.09,1,0.737,1776847031.251
trail_close,1,21.16,2.392,17.48,6,2.634,1776847033.885
trail_close,1,51.89,3.225,6.73,2,3.74,1776847037.625
trail_close,2,4.74,1.117,16.06,1,2.124,1776847039.748
trail_close,2,0.63,0.331,14.84,1,0.571,1776847040.32
trail_close,2,9.47,1.486,14.13,1,1.833,1776847042.153
trail_close,2,0.84,0.418,18.53,1,0.716,1776847042.87
player_death,2,15.68,1.137,1.03,4,1.651,1776847044.521
trail_close,2,12.84,1.477,29.03,2,3.169,1776847047.69
trail_close,2,1.58,0.583,24.24,1,0.915,1776847048.605
trail_close,2,6.95,1.155,11.29,1,1.415,1776847050.02
trail_close,2,1.26,0.986,5.21,1,1.163,1776847051.184
trail_close,2,0.32,0.319,6.95,1,0.701,1776847051.885
trail_close,2,14.42,1.984,21.22,2,2.915,1776847054.799
trail_close,2,1.26,0.574,11.87,1,0.841,1776847055.64
trail_close,2,22.11,1.917,14.16,1,2.41,1776847058.049
trail_close,2,12.21,1.174,6.84,2,1.841,1776847059.891
trail_close,3,4.42,1.005,12.34,1,3.079,1776847062.97
trail_close,3,3.37,0.916,6.53,1,2.031,1776847065.0
player_death,3,7.79,0.032,0.86,0,5.098,1776847070.098
trail_close,3,1.47,1.433,2.36,1,3.065,1776847073.163
trail_close,3,81.37,1.742,3.04,3,2.231,1776847075.394
trail_close,4,13.16,2.065,24.95,0,3.46,1776847078.854
trail_close,4,2.21,0.753,9.32,1,1.264,1776847080.118
player_death,4,15.37,1.387,5.77,1,2.38,1776847082.497
player_death,1,0.0,4.829,12.88,5,8.496,1776847090.993
trail_close,1,6.32,1.329,17.4,1,2.331,1776847093.325
trail_close,1,4.63,1.161,5.43,1,2.062,1776847095.386
trail_close,1,44.74,2.086,10.04,0,3.825,1776847099.211
trail_close,1,4.74,0.746,19.54,0,2.349,1776847101.56
trail_close,1,11.37,1.668,3.62,1,1.917,1776847103.477
trail_close,1,17.79,0.906,6.51,0,2.531,1776847106.009
player_death,1,0.0,2.69,16.18,3,3.919,1776847164.092
trail_close,1,30.21,2.98,23.75,4,3.145,1776847167.237
player_death,1,30.21,1.561,2.08,1,2.962,1776847170.199
trail_close,1,2.74,0.5,15.35,0,1.652,1776847171.851
trail_close,1,9.47,2.337,15.36,5,2.669,1776847174.52
player_death,1,42.42,0.811,2.0,0,1.228,1776847175.748
trail_close,1,11.47,1.652,17.47,2,3.212,1776847178.961
trail_close,1,2.53,1.33,16.53,3,1.408,1776847180.369
trail_close,1,16.53,1.985,5.17,5,2.417,1776847182.786
trail_close,1,5.05,0.302,6.33,0,1.482,1776847184.268
trail_close,1,2.21,0.449,7.26,1,0.698,1776847184.965
trail_close,2,7.37,1.324,15.14,1,3.563,1776847188.529
trail_close,2,0.63,0.495,9.18,1,0.656,1776847189.185
trail_close,2,4.42,1.003,13.75,1,1.5,1776847190.685
trail_close,2,0.95,0.739,2.9,2,1.167,1776847191.851
trail_close,2,7.89,2.386,4.67,4,2.916,1776847194.768
trail_close,2,25.79,2.829,18.75,4,3.243,1776847198.011
player_death,2,47.05,1.214,0.48,0,2.103,1776847200.113
trail_close,2,52.32,1.403,6.89,3,3.935,1776847204.048
trail_close,3,4.42,0.991,14.61,1,2.652,1776847206.7
trail_close,3,0.63,0.502,2.51,2,0.831,1776847207.532
trail_close,3,13.26,1.821,9.01,1,2.416,1776847209.947
trail_close,3,2.21,0.756,14.19,1,1.085,1776847211.033
trail_close,3,4.63,4.01,6.81,6,4.752,1776847215.784
trail_close,3,1.05,0.5,6.74,1,0.797,1776847216.581
trail_close,3,3.79,1.5,3.49,3,1.581,1776847218.162
trail_close,3,0.11,0.085,2.76,0,1.031,1776847219.193
trail_close,3,4.95,0.587,5.52,2,0.671,1776847219.863
trail_close,3,2.95,1.049,5.49,1,1.298,1776847221.161
trail_close,3,5.47,0.752,4.15,0,0.835,1776847221.996
trail_close,3,2.63,0.681,5.5,2,1.347,1776847223.343
trail_close,3,0.63,0.33,3.0,1,0.822,1776847224.164
trail_close,3,1.37,0.25,1.13,0,1.213,1776847225.378
trail_close,3,9.26,1.159,8.72,0,1.66,1776847227.037
player_death,3,57.37,1.843,0.35,0,3.139,1776847230.176
trail_close,3,25.68,3.25,9.65,3,4.133,1776847234.31
trail_close,4,24.42,2.5,15.09,4,3.985,1776847238.295
trail_close,4,1.68,0.588,15.81,1,1.135,1776847239.43
trail_close,4,4.63,1.169,15.14,1,1.749,1776847241.179
trail_close,4,4.53,3.571,6.89,6,9.148,1776847250.327
trail_close,4,0.53,0.415,6.2,0,0.98,1776847251.307
trail_close,4,0.42,0.253,4.99,1,0.336,1776847251.644
trail_close,4,7.79,0.67,13.38,0,0.75,1776847252.393
trail_close,4,49.68,0.582,2.28,2,1.098,1776847253.492
trail_close,5,1.89,0.671,11.73,1,2.303,1776847255.795
trail_close,5,4.74,1.088,12.6,1,3.799,1776847259.595
trail_close,5,5.16,3.247,6.88,6,6.064,1776847265.658
trail_close,5,30.42,2.271,16.31,2,2.867,1776847268.526
trail_close,5,2.32,0.753,9.03,1,1.148,1776847269.674
trail_close,5,13.89,2.079,5.3,5,4.685,1776847274.359
player_death,5,58.42,0.648,5.26,0,0.83,1776847275.188
player_death,5,58.42,0.777,4.47,1,2.924,1776847278.112
trail_close,5,33.05,4.226,8.8,10,6.984,1776847285.097
trail_close,6,2.11,0.673,7.1,1,1.98,1776847287.076
trail_close,6,20.63,3.142,11.6,7,4.153,1776847291.229
trail_close,6,9.47,1.485,20.01,1,2.227,1776847293.456
trail_close,6,4.0,3.152,13.28,3,3.681,1776847297.137
trail_close,6,0.95,0.25,9.93,0,0.666,1776847297.803
trail_close,6,1.47,0.667,4.06,1,0.75,1776847298.553
trail_close,6,16.74,1.4,13.74,4,1.483,1776847300.036
trail_close,6,2.63,0.415,11.31,0,0.632,1776847300.668
trail_close,6,6.32,0.667,15.05,0,0.917,1776847301.585
trail_close,6,3.68,0.574,7.88,0,0.902,1776847302.487
trail_close,6,2.53,0.25,5.18,0,0.829,1776847303.316
trail_close,6,6.42,1.154,11.86,2,1.236,1776847304.552
trail_close,6,6.84,0.917,4.29,0,1.717,1776847306.269
trail_close,7,2.53,1.005,12.4,2,2.288,1776847308.557
trail_close,7,3.79,1.0,15.6,1,2.744,1776847311.301
trail_close,7,3.16,1.176,6.93,3,8.367,1776847319.669
trail_close,7,0.63,0.414,5.84,2,0.679,1776847320.347
player_death,7,10.11,1.681,8.73,2,2.568,1776847322.915
trail_close,7,16.21,1.586,20.41,0,3.171,1776847326.087
trail_close,7,2.84,2.415,10.38,3,5.302,1776847331.389
player_death,7,29.16,3.568,11.26,2,6.176,1776847337.565
trail_close,7,0.84,0.332,10.75,1,2.197,1776847339.762
trail_close,1,1.26,0.501,9.9,1,4.563,1776847578.987
trail_close,1,12.95,1.913,23.48,5,2.819,1776847581.806
trail_close,1,22.63,2.068,11.66,0,2.413,1776847584.219
trail_close,1,0.42,0.331,4.93,1,0.762,1776847584.981
trail_close,1,4.42,0.995,7.29,1,2.936,1776847587.917
trail_close,1,40.42,3.15,16.2,5,4.184,1776847592.101
trail_close,2,33.79,3.314,16.63,4,5.68,1776847597.781
trail_close,2,5.89,1.157,5.69,1,1.844,1776847599.625
trail_close,2,1.37,1.084,12.37,0,1.492,1776847601.117
trail_close,2,15.58,0.828,2.4,1,1.503,1776847602.62
trail_close,2,2.95,0.832,9.29,1,0.913,1776847603.533
trail_close,2,36.63,1.406,3.29,2,2.398,1776847605.93
trail_close,3,4.74,1.091,6.03,1,2.541,1776847608.471
trail_close,3,7.26,1.746,14.08,3,3.08,1776847611.551
trail_close,3,2.74,0.92,13.0,1,1.268,1776847612.819
trail_close,3,6.95,1.917,22.66,6,2.414,1776847615.234
trail_close,3,20.74,2.919,9.38,4,3.249,1776847618.483
trail_close,3,3.26,1.24,14.77,1,1.59,1776847620.073
trail_close,3,0.95,0.752,12.18,3,1.326,1776847621.399
trail_close,3,4.21,2.571,4.24,8,3.066,1776847624.465
trail_close,3,45.05,0.832,5.08,1,2.829,1776847627.294
trail_close,4,2.95,0.83,9.3,1,2.731,1776847630.025
trail_close,4,6.84,1.405,14.16,1,2.759,1776847632.784
trail_close,4,20.0,3.434,1.24,6,4.896,1776847637.68
trail_close,4,70.21,0.05,499.95,0,0.746,1776847638.426
trail_close,5,2.95,2.335,4.14,2,4.071,1776847642.498
trail_close,5,8.11,1.988,2.91,3,5.349,1776847647.847
trail_close,5,1.16,0.91,3.44,2,0.99,1776847648.836
trail_close,5,3.47,1.259,2.33,4,1.585,1776847650.421
trail_close,5,0.11,0.084,1.96,1,0.166,1776847650.588
trail_close,5,2.11,1.658,5.95,2,1.739,1776847652.326
player_death,5,17.89,1.201,0.38,1,2.797,1776847655.124
player_death,5,17.89,0.163,0.36,0,0.977,1776847656.101
trail_close,5,0.84,0.331,9.14,0,0.74,1776847656.841
player_death,5,18.74,0.737,2.61,1,0.818,1776847657.659
trail_close,5,9.89,0.0,2.72,0,0.002,1776847657.661
trail_close,1,32.0,2.9,16.38,4,5.1,1776847662.761
player_death,1,32.0,0.418,0.3,1,1.083,1776847663.844
trail_close,1,28.53,2.068,7.69,0,4.332,1776847668.177
trail_close,1,16.74,1.771,6.71,3,2.947,1776847671.124
trail_close,1,20.84,0.489,2.37,1,0.884,1776847672.008
trail_close,2,4.32,1.586,25.72,3,3.004,1776847675.012
trail_close,2,2.95,2.323,4.51,5,2.584,1776847677.596
trail_close,2,14.11,2.327,9.64,5,2.822,1776847680.418
trail_close,2,0.11,0.082,8.06,1,0.162,1776847680.58
trail_close,2,59.16,0.83,7.7,0,0.911,1776847681.491
trail_close,3,9.68,2.223,32.85,5,4.003,1776847685.494
trail_close,3,18.95,2.322,15.17,5,2.482,1776847687.976
trail_close,3,7.58,1.826,7.45,2,2.282,1776847690.258
trail_close,3,20.21,2.645,16.12,4,3.142,1776847693.401
player_death,3,56.42,1.433,1.39,5,1.875,1776847695.276
trail_close,3,6.21,0.501,8.91,1,3.664,1776847698.94
trail_close,3,11.05,2.159,4.98,3,3.24,1776847702.18
trail_close,3,26.32,2.227,499.95,5,3.693,1776847705.873
trail_close,4,7.89,2.406,7.21,5,3.569,1776847709.442
trail_close,4,6.32,2.004,10.86,4,2.35,1776847711.792
trail_close,4,3.58,3.339,19.75,4,4.57,1776847716.362
trail_close,4,8.84,1.486,7.57,1,2.208,1776847718.57
player_death,4,26.63,1.232,1.85,1,2.432,1776847721.002
trail_close,4,0.11,0.083,15.73,1,0.995,1776847721.997
trail_close,4,1.68,0.503,8.21,1,1.241,1776847723.237
trail_close,4,1.05,0.749,4.16,1,1.181,1776847724.419
trail_close,4,20.74,0.658,4.84,0,0.918,1776847725.336
player_death,4,50.21,1.585,5.59,2,3.293,1776847728.629
player_death,4,50.21,2.218,4.98,4,3.488,1776847732.117
trail_close,4,0.53,0.332,6.33,1,1.074,1776847733.192
trail_close,4,6.0,1.249,11.61,1,1.578,1776847734.769
trail_close,4,12.42,1.818,8.76,1,1.9,1776847736.67
player_death,4,69.16,0.91,0.42,1,6.905,1776847743.575
trail_close,4,0.32,0.25,11.83,0,0.977,1776847744.552
trail_close,4,0.11,0.084,11.18,1,0.414,1776847744.966
trail_close,4,5.26,0.667,6.58,0,2.95,1776847747.916
trail_close,4,5.79,2.172,5.38,5,5.12,1776847753.037
trail_close,5,7.58,1.42,11.04,1,2.633,1776847755.67
trail_close,5,5.89,1.17,3.67,1,1.832,1776847757.501
trail_close,5,2.0,1.586,6.34,1,2.233,1776847759.734
player_death,5,15.47,0.779,9.29,1,1.021,1776847760.755
trail_close,5,6.95,0.911,5.37,0,2.195,1776847762.95
trail_close,5,1.05,0.838,1.91,2,0.919,1776847763.869
trail_close,5,2.53,0.333,8.08,0,0.663,1776847764.532
trail_close,5,4.0,0.41,6.39,0,0.739,1776847765.271
trail_close,5,2.0,1.583,5.92,1,2.859,1776847768.13
trail_close,5,1.47,0.75,5.89,2,1.916,1776847770.046
trail_close,5,0.53,0.413,1.77,1,0.894,1776847770.941
trail_close,5,30.53,1.99,8.5,1,2.071,1776847773.012
trail_close,5,3.79,0.917,8.98,1,1.518,1776847774.53
trail_close,5,2.21,1.536,3.73,0,2.535,1776847777.065
trail_close,5,7.47,1.501,3.54,3,2.498,1776847779.563
player_death,5,78.0,0.533,4.56,0,0.781,1776847780.344
trail_close,5,5.05,0.987,10.15,0,3.469,1776847783.813
trail_close,6,4.42,0.989,10.04,1,2.202,1776847786.015
trail_close,6,11.37,1.483,17.39,0,3.766,1776847789.781
trail_close,6,4.21,1.001,6.07,1,1.247,1776847791.029
trail_close,6,20.32,2.311,10.09,2,4.117,1776847795.146
trail_close,6,1.05,0.83,1.81,1,1.664,1776847796.81
player_death,6,41.37,1.583,3.38,3,2.583,1776847799.393
trail_close,6,50.21,2.959,4.51,5,4.934,1776847804.327
trail_close,7,9.89,1.756,1.62,3,3.77,1776847808.097
trail_close,7,2.0,1.147,6.81,2,2.025,1776847810.122
player_death,7,11.89,1.082,0.56,3,1.985,1776847812.107
player_death,7,11.89,0.489,0.25,0,1.955,1776847814.062
player_death,7,11.89,2.769,0.36,2,4.366,1776847818.427
trail_close,1,2.63,0.743,17.8,1,1.966,1776847948.082
trail_close,1,6.63,1.252,21.6,1,2.512,1776847950.594
trail_close,1,14.42,1.489,19.38,0,2.187,1776847952.782
trail_close,1,76.32,1.073,8.72,1,1.895,1776847954.676
trail_close,2,1.58,1.241,2.28,2,2.481,1776847957.157
trail_close,2,19.26,2.404,13.3,1,2.904,1776847960.061
trail_close,2,29.26,3.485,16.49,5,3.78,1776847963.841
trail_close,2,8.42,2.143,13.78,5,3.399,1776847967.24
trail_close,2,1.47,0.584,6.9,0,0.951,1776847968.191
trail_close,2,38.11,1.958,27.22,5,2.623,1776847970.814
trail_close,3,1.26,0.506,8.02,1,1.814,1776847972.629
trail_close,3,1.79,0.91,9.53,3,2.688,1776847975.317
trail_close,3,3.47,1.255,13.06,3,5.777,1776847981.094
trail_close,3,0.11,0.088,7.16,1,2.098,1776847983.192
trail_close,3,0.84,0.414,16.63,1,2.524,1776847985.715
trail_close,3,0.95,0.5,19.24,3,0.593,1776847986.309
trail_close,3,2.63,2.081,7.75,0,2.662,1776847988.97
trail_close,3,22.63,2.155,11.92,2,3.506,1776847992.476
trail_close,3,1.47,1.162,13.77,0,1.391,1776847993.867
trail_close,3,6.84,1.042,7.69,2,2.953,1776847996.82
trail_close,3,7.26,1.052,9.74,2,1.102,1776847997.922
trail_close,3,4.21,0.918,4.64,1,2.615,1776848000.537
trail_close,3,3.37,1.585,7.66,6,1.666,1776848002.204
trail_close,3,25.37,1.816,15.9,3,2.789,1776848004.993
trail_close,4,7.89,1.744,27.76,5,2.952,1776848007.944
trail_close,4,2.11,1.051,1.95,2,1.329,1776848009.273
trail_close,4,1.47,0.42,10.54,1,1.433,1776848010.706
trail_close,4,6.53,1.334,11.9,3,1.596,1776848012.302
trail_close,4,18.95,5.476,11.71,14,6.825,1776848019.127
trail_close,4,63.05,2.811,499.95,7,3.8,1776848022.927
trail_close,5,1.68,0.754,7.92,1,1.793,1776848024.72
trail_close,5,2.11,0.913,7.94,3,2.542,1776848027.262
trail_close,5,42.74,4.205,24.94,8,7.204,1776848034.466
trail_close,5,47.79,1.666,5.58,1,2.332,1776848036.798
trail_close,6,23.47,2.33,10.84,2,3.548,1776848040.346
trail_close,6,5.89,1.164,9.78,1,5.115,1776848045.461
trail_close,6,3.47,2.849,5.14,7,3.839,1776848049.3
trail_close,6,7.58,0.578,4.46,1,1.533,1776848050.833
trail_close,6,2.74,1.153,7.08,3,1.317,1776848052.149
trail_close,6,32.95,1.158,7.92,1,1.732,1776848053.881
trail_close,6,4.74,1.246,4.06,2,1.826,1776848055.707
trail_close,7,5.05,1.255,14.68,1,2.477,1776848058.184
player_death,7,5.05,0.91,4.33,1,1.671,1776848059.855
trail_close,7,4.21,1.006,4.48,1,1.745,1776848061.6
trail_close,7,2.0,1.613,4.64,3,7.948,1776848069.547
trail_close,7,1.79,1.395,8.65,1,1.751,1776848071.298
trail_close,7,1.26,21.299,5.63,3,22.644,1776848093.943
trail_close,7,0.53,1.585,4.99,1,1.668,1776848095.61
trail_close,7,8.0,1.821,16.75,3,2.634,1776848098.245
trail_close,7,2.95,0.501,10.06,1,0.964,1776848099.208
trail_close,7,18.11,1.067,19.44,2,1.716,1776848100.924
trail_close,7,1.26,0.59,15.25,1,0.854,1776848101.778
trail_close,7,3.37,0.83,11.63,0,1.263,1776848103.042
trail_close,7,3.58,0.494,6.82,0,1.572,1776848104.614
trail_close,7,4.0,1.115,8.15,3,1.526,1776848106.14
trail_close,7,1.05,0.582,3.66,2,0.915,1776848107.055
trail_close,7,1.68,0.496,7.77,1,1.238,1776848108.293
trail_close,7,1.58,0.583,6.85,1,1.494,1776848109.787
trail_close,7,27.37,2.346,10.38,6,6.186,1776848115.973
trail_close,8,5.16,1.409,6.37,3,2.436,1776848118.409
player_death,8,5.16,0.752,1.89,1,1.381,1776848119.79
trail_close,8,3.26,0.921,12.28,1,2.069,1776848121.859
trail_close,8,2.53,1.799,12.74,5,2.285,1776848124.144
trail_close,8,4.95,1.584,10.6,3,1.846,1776848125.99
trail_close,8,6.32,1.337,8.95,1,1.666,1776848127.656
trail_close,8,0.63,0.584,4.45,2,2.692,1776848130.348
player_death,8,22.84,0.531,0.54,1,1.108,1776848131.456
trail_close,8,0.32,0.085,4.92,0,1.667,1776848133.122
trail_close,8,7.05,1.237,12.66,0,1.402,1776848134.525
trail_close,8,0.95,0.771,11.6,3,1.265,1776848135.79
trail_close,8,0.63,0.667,6.69,2,2.55,1776848138.34
trail_close,8,2.42,1.282,6.4,0,2.311,1776848140.651
trail_close,8,4.74,0.852,7.07,1,1.135,1776848141.786
trail_close,8,11.05,0.349,8.08,0,0.397,1776848142.183
trail_close,8,18.11,0.965,2.16,2,1.637,1776848143.82
trail_close,8,0.63,0.436,5.98,1,1.048,1776848144.868
trail_close,8,1.89,0.774,8.52,3,0.855,1776848145.724
player_death,8,70.63,0.413,1.41,1,7.773,1776848153.497
trail_close,1,6.95,1.317,20.09,1,4.189,1776848157.686
trail_close,1,10.32,1.657,10.09,1,2.458,1776848160.144
trail_close,1,41.16,2.737,20.51,4,4.323,1776848164.467
trail_close,1,1.68,0.584,5.02,1,1.0,1776848165.468
trail_close,1,22.74,2.65,14.45,6,3.391,1776848168.859
trail_close,2,6.32,1.57,7.87,3,3.028,1776848171.887
trail_close,2,16.42,2.584,5.26,1,3.095,1776848174.982
trail_close,2,12.11,1.41,13.39,1,3.069,1776848178.051
trail_close,2,5.68,0.752,24.38,0,1.416,1776848179.467
player_death,2,40.53,0.966,4.3,4,1.714,1776848181.181
trail_close,2,45.58,1.583,6.81,0,3.633,1776848184.814
trail_close,3,11.05,1.748,4.89,1,3.187,1776848188.0
trail_close,3,1.05,0.504,4.95,1,1.134,1776848189.135
trail_close,3,8.84,2.086,13.91,4,2.582,1776848191.717
trail_close,3,1.68,0.42,6.58,0,1.187,1776848192.904
trail_close,3,5.16,4.251,12.11,7,4.578,1776848197.482
trail_close,3,11.79,1.185,5.78,3,2.784,1776848200.265
trail_close,3,11.79,0.912,11.12,2,2.83,1776848203.095
trail_close,3,31.05,2.414,4.29,2,2.749,1776848205.844
trail_close,4,3.68,0.922,11.19,1,2.137,1776848207.981
trail_close,4,2.74,0.922,8.65,3,3.269,1776848211.249
trail_close,4,4.74,1.824,4.72,2,2.186,1776848213.435
trail_close,4,1.16,0.909,3.73,1,1.651,1776848215.086
trail_close,4,1.05,0.503,5.68,1,1.261,1776848216.347
trail_close,4,1.47,1.17,4.85,1,1.415,1776848217.762
trail_close,4,1.05,0.8,4.57,3,0.999,1776848218.761
trail_close,4,1.47,0.667,2.94,1,1.233,1776848219.993
trail_close,4,5.16,0.582,8.54,0,1.234,1776848221.227
trail_close,4,58.84,1.65,6.41,1,1.733,1776848222.959
trail_close,5,4.21,1.002,5.65,1,2.902,1776848225.862
trail_close,5,1.68,0.59,13.75,1,1.12,1776848226.982
trail_close,5,4.42,1.087,18.85,3,1.246,1776848228.228
trail_close,5,0.95,0.419,13.47,1,0.75,1776848228.978
trail_close,5,0.63,0.338,9.32,1,1.468,1776848230.447
trail_close,5,4.0,2.72,14.88,6,5.982,1776848236.429
trail_close,5,2.74,1.289,17.07,2,1.484,1776848237.912
trail_close,5,21.58,1.486,12.52,3,2.396,1776848240.308
trail_close,5,2.63,0.42,4.39,0,3.634,1776848243.942
trail_close,5,1.26,0.252,2.69,0,1.617,1776848245.559
trail_close,5,5.26,0.505,4.59,1,1.833,1776848247.392
trail_close,5,0.11,0.386,4.05,1,0.468,1776848247.86
trail_close,5,0.63,0.349,1.14,1,0.43,1776848248.29
player_death,5,50.11,0.964,2.35,2,1.762,1776848250.052
trail_close,5,10.74,0.821,6.07,0,3.209,1776848253.261
trail_close,5,4.84,1.969,13.05,4,2.23,1776848255.491
trail_close,5,1.68,0.449,6.62,1,2.408,1776848257.899
trail_close,5,4.63,1.022,7.01,3,1.861,1776848259.76
trail_close,5,0.11,0.116,6.54,1,2.029,1776848261.789
player_death,5,72.11,0.149,0.69,0,0.597,1776848262.387
trail_close,5,0.84,0.411,6.8,1,4.559,1776848266.946
trail_close,5,2.95,0.583,4.51,0,2.824,1776848269.771
trail_close,5,2.53,1.141,4.46,0,2.857,1776848272.628
trail_close,5,2.11,0.334,4.12,0,4.026,1776848276.654
trail_close,6,6.32,1.248,13.46,1,3.686,1776848280.339
trail_close,6,1.26,0.502,4.67,1,3.051,1776848283.39
trail_close,6,3.89,1.086,7.73,1,2.398,1776848285.789
trail_close,6,8.63,1.091,8.7,3,2.514,1776848288.303
trail_close,6,2.95,1.399,10.15,0,2.551,1776848290.854
trail_close,6,3.68,0.669,11.41,3,1.199,1776848292.054
trail_close,6,5.68,0.752,14.31,0,0.833,1776848292.887
trail_close,6,6.63,0.75,3.3,0,1.415,1776848294.301
trail_close,6,5.68,0.747,3.52,0,1.332,1776848295.634
trail_close,6,6.21,0.748,5.65,0,1.401,1776848297.034
trail_close,6,7.58,1.251,18.23,0,1.332,1776848298.366
trail_close,6,35.79,1.991,11.8,1,3.308,1776848301.674
trail_close,7,4.21,1.084,10.53,1,1.946,1776848303.62
trail_close,7,9.68,1.819,15.27,2,3.25,1776848306.87
trail_close,7,5.89,1.172,3.92,1,1.417,1776848308.286
trail_close,7,1.89,0.837,8.43,3,1.75,1776848310.036
trail_close,7,3.37,1.003,12.36,3,1.416,1776848311.453
player_death,7,25.05,1.482,0.86,4,2.91,1776848314.363
trail_close,7,0.42,0.338,4.63,1,1.756,1776848316.119
trail_close,7,0.42,0.335,8.85,1,1.08,1776848317.198
trail_close,7,0.74,0.42,14.12,1,3.937,1776848321.135
trail_close,7,0.63,0.335,5.78,1,0.865,1776848322.0
trail_close,7,1.89,0.681,8.96,1,1.363,1776848323.363
trail_close,7,0.21,0.167,11.53,1,1.071,1776848324.434
trail_close,7,0.11,0.085,8.11,0,0.75,1776848325.184
trail_close,7,18.74,2.409,4.36,2,6.056,1776848331.24
trail_close,7,1.47,0.74,5.87,2,0.822,1776848332.062
trail_close,7,3.05,0.829,10.66,1,1.504,1776848333.566
trail_close,7,24.95,2.593,4.62,3,3.289,1776848336.855
trail_close,7,16.53,0.916,8.14,0,1.623,1776848338.478
trail_close,8,2.63,2.083,20.28,0,3.453,1776848341.931
trail_close,8,19.37,0.417,12.7,1,1.064,1776848342.995
trail_close,8,0.32,0.248,7.25,1,0.954,1776848343.949
trail_close,8,1.05,0.501,10.34,1,3.152,1776848347.101
trail_close,8,3.16,1.004,5.34,1,2.462,1776848349.563
trail_close,8,2.95,3.103,3.64,4,3.599,1776848353.161
trail_close,8,2.0,1.576,3.15,3,2.808,1776848355.97
trail_close,8,4.84,1.572,15.53,5,2.72,1776848358.69
trail_close,8,41.47,2.945,7.32,4,3.619,1776848362.308
trail_close,8,10.95,0.669,7.21,0,1.935,1776848364.243
trail_close,9,0.84,2.129,4.85,1,3.921,1776848368.164
trail_close,9,1.05,2.965,5.74,1,3.836,1776848372.0
player_death,9,1.89,1.06,8.64,4,1.818,1776848373.818
trail_close,9,3.79,1.538,21.0,2,2.744,1776848376.563
trail_close,9,2.0,1.686,3.45,2,7.535,1776848384.097
trail_close,9,0.21,0.451,3.18,1,3.411,1776848387.508
trail_close,9,1.68,4.846,8.82,1,6.41,1776848393.919
trail_close,9,2.63,0.81,16.66,2,0.89,1776848394.808
trail_close,9,1.26,0.492,10.16,1,1.669,1776848396.477
trail_close,9,1.47,1.066,16.01,1,3.896,1776848400.374
trail_close,9,1.37,0.818,10.14,2,3.365,1776848403.738
trail_close,9,1.68,0.335,5.73,0,1.419,1776848405.157
trail_close,9,20.42,3.001,10.18,5,7.881,1776848413.038
trail_close,9,7.47,1.684,18.42,2,7.084,1776848420.121
trail_close,9,1.68,0.583,15.11,1,1.33,1776848421.452
trail_close,9,2.21,0.587,7.71,1,10.018,1776848431.47
trail_close,9,0.84,0.419,3.32,1,2.415,1776848433.885
trail_close,9,4.11,0.747,10.98,0,1.478,1776848435.363
trail_close,9,2.21,0.742,8.86,1,0.823,1776848436.186
trail_close,9,41.47,2.4,13.35,1,2.899,1776848439.085
trail_close,10,2.63,0.758,15.4,1,1.988,1776848441.073
trail_close,10,1.26,0.5,12.22,1,2.118,1776848443.192
trail_close,10,2.95,0.834,17.14,1,1.078,1776848444.27
trail_close,10,0.95,1.551,2.47,2,4.969,1776848449.239
trail_close,10,3.58,2.832,2.41,2,3.812,1776848453.051
trail_close,10,21.26,2.479,1.92,4,3.299,1776848456.35
trail_close,10,14.32,1.415,5.03,0,1.996,1776848458.346
trail_close,10,0.74,0.585,8.62,0,0.669,1776848459.015
trail_close,10,5.89,0.93,2.22,2,1.68,1776848460.695
player_death,10,53.58,0.033,1.01,0,0.113,1776848460.808
trail_close,10,9.26,1.819,6.58,3,5.008,1776848465.816
trail_close,10,8.95,1.955,3.26,3,11.981,1776848477.798
trail_close,10,0.21,0.165,4.98,2,0.663,1776848478.461
trail_close,10,2.21,1.094,8.19,2,1.663,1776848480.124
trail_close,10,1.05,0.514,5.75,2,2.988,1776848483.112
trail_close,10,2.53,0.748,4.21,0,1.048,1776848484.16
trail_close,10,3.58,0.66,4.08,0,1.322,1776848485.482
trail_close,11,0.84,0.711,4.21,2,5.353,1776848490.835
trail_close,11,1.26,0.506,11.4,1,2.132,1776848492.966
trail_close,11,2.74,1.174,4.68,3,1.535,1776848494.501
trail_close,11,10.11,1.404,13.65,3,3.897,1776848498.398
trail_close,11,4.21,0.596,5.88,1,0.954,1776848499.352
trail_close,11,0.74,0.352,2.8,1,0.76,1776848500.112
trail_close,11,11.58,1.635,13.76,3,2.233,1776848502.345
trail_close,11,62.63,5.175,5.65,10,8.242,1776848510.587
trail_close,12,5.26,0.828,9.46,1,9.984,1776848520.571
trail_close,12,0.74,0.354,8.18,1,2.256,1776848522.828
trail_close,12,3.16,0.732,10.0,1,1.734,1776848524.562
trail_close,12,1.79,1.41,2.32,2,3.721,1776848528.283
trail_close,12,1.26,1.0,2.78,0,2.192,1776848530.474
trail_close,12,0.11,0.085,2.29,1,0.168,1776848530.642
trail_close,12,2.53,1.091,12.85,1,1.172,1776848531.814
trail_close,12,1.26,0.745,9.06,2,1.488,1776848533.302
trail_close,12,0.84,0.414,2.83,1,2.649,1776848535.952
player_death,12,16.95,0.911,1.8,2,1.556,1776848537.507
trail_close,12,4.53,1.245,7.68,1,2.226,1776848539.733
trail_close,12,4.32,1.089,11.71,1,3.343,1776848543.076
trail_close,12,4.74,1.086,7.86,1,1.497,1776848544.573
trail_close,12,1.26,0.247,7.05,0,1.528,1776848546.102
trail_close,12,0.32,0.386,9.16,1,3.704,1776848549.806
trail_close,12,0.63,0.402,3.82,2,0.972,1776848550.778
trail_close,12,0.32,0.458,2.29,0,0.554,1776848551.332
trail_close,12,1.89,0.151,3.41,0,1.526,1776848552.858
trail_close,12,1.37,0.839,7.7,3,1.751,1776848554.609
trail_close,12,2.0,0.829,2.54,3,2.615,1776848557.224
trail_close,12,1.47,0.663,8.4,3,1.792,1776848559.016
trail_close,12,6.21,1.16,4.11,1,4.253,1776848563.269
trail_close,12,4.74,0.635,6.34,1,1.641,1776848564.91
trail_close,12,4.11,0.594,6.57,1,1.395,1776848566.306
trail_close,12,6.95,0.898,11.43,0,1.816,1776848568.121
trail_close,12,2.11,1.651,3.72,2,2.082,1776848570.203
player_death,12,63.89,0.398,1.46,1,1.881,1776848572.084
trail_close,12,5.47,0.672,4.91,0,2.7,1776848574.785
trail_close,12,0.95,0.253,13.63,0,1.12,1776848575.905
trail_close,12,1.89,1.986,5.92,5,4.627,1776848580.532
trail_close,12,11.68,1.16,2.51,1,1.495,1776848582.027
trail_close,13,7.37,1.338,18.06,1,2.625,1776848584.652
trail_close,13,11.05,1.256,12.15,0,3.269,1776848587.922
trail_close,13,1.16,0.919,6.63,1,1.33,1776848589.251
trail_close,13,3.58,2.832,8.41,2,4.966,1776848594.218
trail_close,13,6.32,1.254,4.78,1,1.866,1776848596.083
trail_close,13,11.37,0.749,6.88,0,0.832,1776848596.916
trail_close,13,2.74,3.166,4.23,3,4.399,1776848601.315
trail_close,13,9.58,1.406,9.76,2,3.417,1776848604.732
trail_close,13,0.11,0.334,8.3,1,0.417,1776848605.149
trail_close,13,0.63,0.335,3.54,1,0.416,1776848605.564
trail_close,13,4.42,0.333,5.43,0,1.284,1776848606.848
trail_close,13,1.58,0.585,7.48,1,2.068,1776848608.916
trail_close,13,13.58,1.243,6.07,0,1.49,1776848610.406
trail_close,13,0.95,0.632,6.29,2,1.422,1776848611.828
trail_close,13,0.32,0.248,4.18,1,1.25,1776848613.078
trail_close,13,4.11,0.585,5.85,0,1.869,1776848614.947
trail_close,13,4.21,1.201,5.73,0,2.583,1776848617.53
trail_close,14,3.68,0.917,16.48,1,2.733,1776848620.263
trail_close,14,1.58,0.588,9.48,1,1.12,1776848621.383
trail_close,14,0.21,0.174,4.17,1,0.671,1776848622.054
trail_close,14,0.63,0.339,10.87,1,0.864,1776848622.918
trail_close,14,93.89,3.814,499.95,4,5.492,1776848628.41
player_death,15,0.0,0.0,0.15,0,5.451,1776848633.861
trail_close,15,7.37,1.489,7.92,1,4.253,1776848638.114
trail_close,15,2.53,0.744,14.22,1,1.253,1776848639.367
trail_close,15,1.68,0.588,9.2,1,0.997,1776848640.364
trail_close,15,2.11,0.671,8.66,1,0.834,1776848641.198
player_death,15,13.68,0.419,2.3,1,0.946,1776848642.143
trail_close,15,11.37,1.317,9.69,0,5.303,1776848647.446
trail_close,15,0.95,0.413,14.49,1,0.743,1776848648.189
trail_close,15,2.53,0.826,9.78,1,1.152,1776848649.342
trail_close,15,10.84,1.662,13.49,0,2.853,1776848652.195
trail_close,15,60.63,3.87,12.07,3,5.63,1776848657.825
trail_close,16,1.58,0.59,10.0,1,2.656,1776848660.481
trail_close,16,1.89,0.662,8.27,1,8.199,1776848668.68
trail_close,16,0.63,2.804,4.51,1,3.148,1776848671.828
trail_close,16,1.05,0.505,9.78,1,1.851,1776848673.679
trail_close,16,0.53,0.422,16.7,1,3.217,1776848676.896
trail_close,16,0.53,0.418,6.11,1,0.661,1776848677.557
trail_close,16,1.68,0.587,8.51,1,1.92,1776848679.477
trail_close,16,0.63,0.336,9.14,1,3.015,1776848682.492
trail_close,16,0.74,0.578,3.4,1,0.817,1776848683.309
trail_close,16,1.68,0.736,11.21,1,1.332,1776848684.642
trail_close,16,2.53,0.744,15.64,1,0.983,1776848685.624
trail_close,16,0.95,0.419,14.72,1,0.743,1776848686.367
trail_close,16,0.42,0.336,8.14,1,0.658,1776848687.025
trail_close,16,0.95,0.42,6.06,1,1.533,1776848688.559
trail_close,16,1.05,0.336,6.49,1,1.857,1776848690.416
trail_close,16,1.68,0.587,4.24,1,1.309,1776848691.724
trail_close,16,2.0,0.586,6.71,1,1.815,1776848693.539
trail_close,16,0.63,0.498,8.72,1,1.803,1776848695.342
player_death,16,21.16,0.748,5.78,0,3.016,1776848698.358
trail_close,16,1.58,0.752,7.79,1,2.565,1776848700.923
trail_close,16,2.42,0.745,6.26,1,1.835,1776848702.758
trail_close,16,0.53,0.435,3.1,3,0.848,1776848703.606
trail_close,16,73.37,4.714,7.45,9,9.545,1776848713.15
trail_close,17,3.68,0.916,15.49,1,2.245,1776848715.396
trail_close,17,0.21,0.173,10.84,1,1.744,1776848717.14
trail_close,17,1.26,0.505,9.44,1,1.166,1776848718.306
trail_close,17,0.74,0.421,18.18,1,1.682,1776848719.988
trail_close,17,2.11,2.118,8.52,1,8.398,1776848728.386
player_death,17,8.0,0.66,3.69,0,1.124,1776848729.509
trail_close,17,24.11,2.155,16.76,4,3.662,1776848733.171
trail_close,17,0.84,0.667,2.09,1,2.012,1776848735.183
trail_close,17,0.84,0.666,2.56,2,1.981,1776848737.164
player_death,17,33.79,1.731,7.07,3,2.315,1776848739.479
trail_close,17,6.42,1.741,4.04,6,3.136,1776848742.615
trail_close,17,1.89,1.161,3.33,4,1.578,1776848744.192
trail_close,17,17.16,1.241,3.52,0,1.653,1776848745.845
trail_close,17,7.26,1.116,9.15,4,1.646,1776848747.491
trail_close,17,14.42,1.153,4.08,0,1.731,1776848749.222
trail_close,18,0.42,0.256,10.4,1,1.829,1776848751.051
trail_close,18,8.11,1.404,15.41,1,2.998,1776848754.048
trail_close,18,5.37,1.665,23.09,3,4.382,1776848758.431
trail_close,18,5.58,1.247,17.82,1,1.654,1776848760.084
trail_close,18,10.11,0.997,4.93,0,1.078,1776848761.162
trail_close,18,2.11,1.644,13.16,2,1.925,1776848763.087
trail_close,18,19.79,2.232,17.89,1,2.559,1776848765.647
trail_close,18,15.37,2.715,4.26,6,4.417,1776848770.063
trail_close,18,23.89,0.655,4.4,1,1.203,1776848771.266
trail_close,19,2.11,0.665,16.65,1,2.017,1776848773.283
trail_close,19,3.47,0.788,17.4,3,10.163,1776848783.446
trail_close,19,9.68,1.095,18.81,1,1.334,1776848784.78
trail_close,19,4.21,0.594,8.9,1,0.907,1776848785.687
trail_close,19,0.53,0.419,4.3,0,2.427,1776848788.114
trail_close,19,0.63,0.333,6.6,1,0.578,1776848788.691
trail_close,19,2.84,0.911,10.2,1,3.357,1776848792.048
trail_close,19,4.21,1.078,7.91,1,4.024,1776848796.072
trail_close,19,0.95,0.419,7.14,1,2.808,1776848798.88
trail_close,19,1.89,0.667,2.97,1,1.077,1776848799.957
trail_close,19,4.63,0.915,12.85,1,2.616,1776848802.572
trail_close,19,2.11,0.664,4.98,1,0.907,1776848803.48
trail_close,19,0.74,0.519,4.27,3,1.448,1776848804.928
trail_close,19,2.32,0.924,10.82,0,2.384,1776848807.312
trail_close,19,0.42,0.339,7.66,1,1.248,1776848808.56
trail_close,19,1.79,1.406,5.39,3,1.749,1776848810.309
trail_close,19,6.0,1.005,6.74,3,1.4,1776848811.709
trail_close,19,0.53,0.253,5.49,1,1.083,1776848812.791
player_death,19,49.05,1.021,7.17,2,1.184,1776848813.975
player_death,19,49.05,0.0,0.09,0,0.434,1776848814.409
player_death,19,49.05,0.0,0.11,0,0.118,1776848814.527
player_death,1,0.0,3.465,23.4,0,13.691,1776848828.218
trail_close,1,2.11,1.17,22.82,5,5.83,1776849068.725
trail_close,1,24.11,2.314,19.25,2,5.717,1776849074.442
trail_close,1,0.63,0.335,9.1,1,0.667,1776849075.11
trail_close,1,11.68,1.479,23.06,1,2.84,1776849077.949
trail_close,1,14.95,2.253,27.08,2,3.444,1776849215.762
trail_close,1,1.89,0.67,21.41,1,0.999,1776849216.76
trail_close,1,0.21,0.167,5.29,1,3.389,1776849220.149
trail_close,1,42.63,2.518,12.04,2,3.694,1776849223.843
trail_close,1,3.58,1.251,13.75,3,1.584,1776849225.427
trail_close,1,1.26,0.498,14.42,1,1.063,1776849226.49
trail_close,1,5.26,0.998,17.74,2,1.416,1776849227.906
trail_close,1,5.37,1.0,11.61,0,1.419,1776849229.325
trail_close,1,1.89,0.829,7.3,2,1.077,1776849230.403
trail_close,1,4.53,1.234,8.91,4,2.939,1776849233.342
trail_close,2,4.74,1.087,31.26,1,2.384,1776849235.726
trail_close,2,1.47,0.66,16.55,1,1.388,1776849237.114
trail_close,2,7.79,1.398,23.18,1,2.074,1776849239.188
trail_close,2,3.05,1.126,25.57,3,1.635,1776849240.823
trail_close,2,0.42,0.167,16.84,0,1.269,1776849242.091
trail_close,2,8.11,2.234,22.72,7,7.232,1776849249.323
trail_close,2,68.11,1.748,9.38,1,2.046,1776849251.369
trail_close,3,4.42,0.997,31.05,1,2.566,1776849253.935
trail_close,3,0.95,0.415,22.48,1,0.755,1776849254.69
trail_close,3,2.53,0.745,20.2,1,1.2,1776849255.89
trail_close,3,1.58,0.588,15.08,1,0.917,1776849256.807
trail_close,3,2.0,1.57,5.22,0,1.813,1776849258.619
trail_close,3,34.63,2.066,13.96,0,3.301,1776849261.92
trail_close,3,17.68,1.154,12.52,0,2.302,1776849264.222
trail_close,3,2.95,0.834,8.81,1,1.491,1776849265.713
trail_close,3,0.84,0.41,4.15,1,0.654,1776849266.367
trail_close,3,8.84,0.907,7.4,1,1.235,1776849267.602
player_death,3,76.42,0.43,4.37,0,1.681,1776849269.283
trail_close,3,2.53,0.828,3.91,3,2.164,1776849271.447
trail_close,3,1.68,0.753,3.56,1,1.492,1776849272.939
trail_close,4,7.58,1.422,16.35,1,2.951,1776849275.891
trail_close,4,1.58,0.752,14.31,1,1.746,1776849277.636
trail_close,4,1.26,0.504,9.43,1,4.919,1776849282.556
trail_close,4,1.26,0.503,18.01,1,1.499,1776849284.054
trail_close,4,3.16,0.824,15.37,1,2.888,1776849286.942
trail_close,4,17.26,3.119,1.52,6,6.577,1776849293.519
trail_close,4,67.89,1.816,499.95,3,2.063,1776849295.582
trail_close,5,3.79,1.007,16.1,1,2.956,1776849298.538
trail_close,5,4.11,1.173,15.05,3,2.483,1776849301.022
trail_close,5,3.37,3.345,18.15,7,5.054,1776849306.075
trail_close,5,5.47,1.564,12.99,3,2.027,1776849308.102
trail_close,5,2.63,0.75,5.0,1,2.031,1776849310.133
trail_close,5,3.16,2.618,3.49,2,3.283,1776849313.417
trail_close,5,6.53,1.05,9.42,1,1.098,1776849314.515
trail_close,5,7.37,0.547,11.99,0,1.29,1776849315.805
trail_close,5,23.68,0.944,6.76,1,1.042,1776849316.847
trail_close,5,2.74,0.831,5.53,2,1.331,1776849318.178
trail_close,5,2.11,0.42,6.66,0,1.656,1776849319.833
trail_close,5,3.58,0.664,11.06,0,1.532,1776849321.365
trail_close,5,1.37,1.077,4.44,1,1.816,1776849323.181
trail_close,5,0.21,0.168,6.07,1,0.583,1776849323.763
trail_close,5,1.05,0.218,5.26,0,0.715,1776849324.478
trail_close,5,0.32,0.083,4.98,0,0.667,1776849325.145
player_death,5,71.47,0.233,0.56,0,0.4,1776849325.545
trail_close,5,3.26,0.573,10.34,0,1.919,1776849327.464
trail_close,5,2.21,0.583,6.99,0,1.031,1776849328.495
trail_close,5,6.0,0.517,9.81,1,1.768,1776849330.263
trail_close,6,3.16,0.832,11.1,1,2.221,1776849332.484
trail_close,6,7.16,1.652,6.82,1,3.181,1776849335.664
trail_close,6,1.68,0.586,13.23,1,2.466,1776849338.131
trail_close,6,1.68,0.585,8.67,1,1.416,1776849339.547
trail_close,6,0.42,0.334,4.28,1,0.929,1776849340.476
trail_close,6,85.89,6.248,499.95,11,7.234,1776849347.709
trail_close,7,4.21,0.987,6.59,1,4.669,1776849352.378
trail_close,7,1.58,0.578,16.44,1,2.718,1776849355.096
trail_close,7,6.95,1.989,9.76,1,2.485,1776849357.581
trail_close,7,33.16,4.458,5.26,3,6.655,1776849364.236
trail_close,7,0.11,0.085,15.46,0,2.461,1776849366.697
trail_close,7,0.42,0.332,6.9,2,0.909,1776849367.606
trail_close,7,32.42,5.332,2.4,13,5.665,1776849373.271
trail_close,7,0.74,0.584,6.63,0,2.186,1776849375.458
trail_close,7,0.21,0.166,6.66,1,0.549,1776849376.006
trail_close,7,0.42,0.248,8.52,1,0.999,1776849377.005
trail_close,8,1.58,0.577,5.76,1,1.826,1776849378.831
trail_close,8,2.95,0.832,2.03,1,2.909,1776849381.74
trail_close,8,1.89,0.665,9.58,1,1.003,1776849382.743
trail_close,8,29.47,3.386,11.81,6,3.629,1776849386.373
trail_close,8,64.11,4.052,17.2,8,4.583,1776849390.955
trail_close,9,8.42,1.412,8.9,1,5.761,1776849396.716
trail_close,9,15.79,9.251,11.34,11,9.409,1776849406.125
trail_close,9,1.79,0.664,7.19,1,1.025,1776849407.149
trail_close,9,1.47,1.159,5.63,1,1.438,1776849408.588
trail_close,9,7.16,2.212,17.72,5,2.628,1776849411.216
trail_close,9,14.63,1.047,14.61,0,2.435,1776849413.65
trail_close,9,10.11,0.998,9.58,1,1.888,1776849415.538
trail_close,9,5.16,1.318,4.27,0,1.814,1776849417.353
player_death,9,64.53,0.816,5.3,1,1.1,1776849418.452
trail_close,9,13.37,0.832,13.59,0,3.479,1776849421.931
trail_close,9,2.11,0.397,8.73,1,0.839,1776849422.77
trail_close,10,1.58,0.581,9.41,1,2.055,1776849424.824
trail_close,10,0.63,0.422,3.28,1,1.222,1776849426.046
trail_close,10,0.84,0.671,3.95,1,1.375,1776849427.421
player_death,10,3.05,0.0,3.63,0,1.228,1776849428.649
trail_close,10,0.84,0.418,8.66,1,2.478,1776849431.127
trail_close,10,0.42,0.338,6.77,1,1.494,1776849432.621
trail_close,10,2.74,6.272,2.28,8,7.817,1776849440.437
trail_close,10,0.21,4.153,2.08,0,7.947,1776849448.385
player_death,10,7.26,3.429,0.5,0,5.144,1776849453.528
trail_close,10,1.58,0.584,20.72,1,2.805,1776849456.333
player_death,10,8.84,1.45,7.43,2,1.967,1776849458.301
trail_close,1,1.58,0.774,13.4,3,2.647,1776849560.007
trail_close,1,8.42,1.659,31.8,1,2.038,1776849562.045
trail_close,1,1.26,0.493,25.4,1,0.889,1776849562.934
trail_close,1,3.16,0.747,12.6,0,1.813,1776849564.748
trail_close,1,55.68,2.97,13.03,6,5.457,1776849570.204
trail_close,1,2.11,0.668,9.1,1,1.23,1776849571.434
trail_close,1,2.53,0.748,14.02,1,1.164,1776849572.599
trail_close,1,0.42,0.327,13.03,1,0.569,1776849573.168
trail_close,1,2.84,0.582,8.41,0,0.831,1776849573.999
trail_close,1,5.89,1.381,3.58,4,2.314,1776849576.313
trail_close,2,1.26,0.505,10.54,1,6.408,1776849582.721
player_death,2,1.26,0.658,0.72,2,1.136,1776849583.857
trail_close,2,4.63,1.37,11.89,4,2.225,1776849586.082
trail_close,2,2.42,1.152,11.38,0,1.55,1776849587.632
trail_close,2,12.21,1.047,20.31,1,1.411,1776849589.043
trail_close,2,4.84,1.162,15.31,0,1.524,1776849590.567
player_death,2,25.37,3.941,6.3,5,4.274,1776849594.841
trail_close,2,19.47,2.069,7.4,2,4.709,1776849599.55
trail_close,2,12.53,1.409,18.4,0,2.973,1776849602.522
trail_close,2,1.68,0.584,5.05,1,2.008,1776849604.531
trail_close,2,30.95,2.334,10.91,5,3.283,1776849607.814
trail_close,3,23.68,2.07,11.28,0,4.15,1776849611.964
trail_close,3,76.32,4.758,499.95,7,5.463,1776849617.427
trail_close,4,5.68,1.327,14.29,3,2.487,1776849619.914
trail_close,4,1.58,0.749,7.66,2,1.076,1776849620.99
trail_close,4,2.95,1.117,9.75,3,1.723,1776849622.713
trail_close,4,5.58,1.113,12.71,3,1.427,1776849624.14
player_death,4,15.79,0.7,7.34,1,1.453,1776849625.594
trail_close,4,1.26,0.503,5.89,1,1.705,1776849627.298
trail_close,4,0.63,0.52,1.31,1,1.265,1776849628.563
trail_close,4,5.16,2.369,11.15,7,3.0,1776849631.563
trail_close,4,5.05,1.081,2.35,1,2.547,1776849634.111
trail_close,4,1.26,0.5,9.34,1,1.783,1776849635.894
trail_close,4,5.16,1.072,10.89,1,1.418,1776849637.312
trail_close,4,0.63,0.493,8.93,1,1.237,1776849638.55
trail_close,4,7.58,1.254,11.64,1,1.744,1776849640.294
trail_close,4,8.21,1.837,3.62,1,2.266,1776849642.56
trail_close,4,5.79,0.916,9.28,0,1.964,1776849644.525
trail_close,4,1.58,1.243,5.09,1,1.991,1776849646.515
trail_close,4,1.47,1.155,7.33,0,1.647,1776849648.163
trail_close,4,0.21,0.083,10.76,0,1.328,1776849649.491
trail_close,4,15.05,1.285,3.31,0,2.367,1776849651.858
trail_close,4,3.79,0.491,6.18,0,1.684,1776849653.541
trail_close,4,0.53,0.418,1.77,1,1.134,1776849654.675
player_death,4,79.16,0.415,2.73,1,1.912,1776849656.587
trail_close,4,0.21,0.164,5.66,1,1.565,1776849658.152
trail_close,4,2.53,1.019,2.73,0,2.088,1776849660.24
trail_close,5,1.16,0.921,3.24,1,2.403,1776849662.643
trail_close,5,23.79,2.905,13.5,5,4.316,1776849666.96
player_death,5,24.95,0.788,1.27,1,1.035,1776849667.994
trail_close,5,2.11,2.112,5.58,3,3.695,1776849671.69
trail_close,5,4.63,1.161,5.72,1,2.149,1776849673.839
trail_close,5,1.26,0.248,3.32,0,0.499,1776849674.338
trail_close,5,4.32,1.421,6.16,2,1.504,1776849675.841
trail_close,5,0.53,0.414,10.52,0,1.108,1776849676.95
trail_close,5,8.95,1.253,8.83,0,1.908,1776849678.858
trail_close,5,10.74,2.085,9.92,7,2.164,1776849681.022
trail_close,5,5.89,1.168,15.36,1,1.58,1776849682.602
trail_close,5,2.95,0.58,5.5,0,1.839,1776849684.441
trail_close,5,13.58,1.165,4.11,1,1.245,1776849685.686
trail_close,5,1.47,0.659,3.09,1,1.241,1776849686.927
trail_close,6,13.26,2.969,16.61,8,4.11,1776849691.038
trail_close,6,3.16,1.003,11.55,1,1.335,1776849692.373
trail_close,6,0.84,0.42,9.18,1,0.833,1776849693.206
trail_close,6,2.74,2.527,4.33,6,4.314,1776849697.52
trail_close,6,1.26,1.0,2.77,2,1.333,1776849698.853
trail_close,6,0.84,0.165,5.73,0,0.248,1776849699.101
trail_close,6,1.26,0.331,6.22,1,0.821,1776849699.922
player_death,6,23.37,2.34,12.33,0,2.421,1776849702.344
trail_close,6,62.95,2.367,7.2,5,5.29,1776849707.634
trail_close,7,7.37,1.488,10.42,1,2.823,1776849710.457
trail_close,7,0.63,0.504,4.4,1,1.53,1776849711.987
trail_close,7,8.32,2.405,15.01,3,2.791,1776849714.778
trail_close,7,3.16,2.933,12.88,3,3.176,1776849717.954
trail_close,7,2.95,0.725,4.36,0,3.856,1776849721.81
trail_close,7,0.84,0.471,7.45,0,6.876,1776849728.686
trail_close,7,0.21,0.186,7.26,1,1.267,1776849729.952
trail_close,7,0.21,0.32,6.01,1,14.263,1776849744.216
trail_close,7,0.32,0.42,11.9,1,0.501,1776849744.716
trail_close,7,2.0,1.349,7.9,4,1.43,1776849746.146
trail_close,1,1.68,0.581,12.85,1,115.915,1776863507.17
trail_close,1,24.74,2.811,20.42,13,3.301,1776863510.471
trail_close,1,1.68,0.607,19.44,1,4.536,1776864258.944
trail_close,1,0.32,0.291,13.1,1,0.499,1776864259.443
trail_close,1,5.16,1.398,11.72,2,1.766,1776864261.21
trail_close,1,8.11,2.408,15.59,4,4.035,1776864265.244
trail_close,1,11.89,2.327,27.56,5,3.759,1776864269.004
trail_close,1,10.74,1.16,18.73,1,1.507,1776864270.51
trail_close,1,32.63,1.204,19.27,1,1.46,1776864271.971
trail_close,1,19.68,1.372,9.54,3,1.555,1776864273.526
trail_close,2,2.95,1.605,20.08,7,2.919,1776864276.445
trail_close,2,0.74,0.502,12.68,1,0.766,1776864277.211
