event,level,capture_efficiency,risk_duration,ghost_proximity,input_density,survival_time,timestamp
trail_close,1,5.05,1.248,18.51,1,261.636,1778336704.867
trail_close,1,10.53,1.57,16.37,1,1.981,1778336706.848
player_death,1,15.58,5.785,6.28,0,6.224,1778336713.072
trail_close,1,7.58,1.25,7.59,0,16.232,1778336729.304
trail_close,1,29.47,2.311,11.19,0,2.558,1778336731.862
trail_close,1,1.79,0.909,14.46,3,1.473,1778336733.335
trail_close,1,0.21,0.167,8.68,1,0.58,1778336733.915
trail_close,1,15.05,1.904,13.7,2,2.069,1778336735.984
trail_close,1,1.89,0.668,4.85,1,1.05,1778336737.034
trail_close,1,2.32,1.24,10.85,5,1.491,1778336738.525
trail_close,1,4.32,1.325,5.7,2,1.575,1778336740.1
trail_close,1,5.37,0.82,8.55,0,1.313,1778336741.413
player_death,2,0.0,0.149,0.9,0,6.336,1778336747.749
player_death,2,0.0,1.114,9.5,3,1.616,1778336749.364
player_death,2,0.0,3.926,9.75,5,4.01,1778336753.374
trail_close,1,19.58,2.245,17.35,2,58.173,1778336811.547
trail_close,1,22.0,2.914,24.85,4,3.245,1778336814.792
trail_close,1,1.58,0.579,16.91,1,0.973,1778336815.765
trail_close,1,56.84,1.988,499.95,4,2.484,1778336818.249
trail_close,2,0.84,0.664,1.54,2,1.912,1778336820.161
trail_close,2,18.32,2.32,7.41,3,2.768,1778336822.929
trail_close,2,18.21,3.123,13.19,3,3.4,1778336826.329
trail_close,2,5.68,1.666,16.55,1,2.031,1778336828.359
trail_close,2,10.11,0.503,15.62,0,0.996,1778336829.355
trail_close,2,9.05,1.08,4.13,2,1.923,1778336831.278
trail_close,2,15.26,1.491,13.18,2,1.822,1778336833.1
trail_close,2,12.63,1.238,8.92,0,2.445,1778336835.545
trail_close,3,6.95,1.315,25.2,1,2.619,1778336838.164
trail_close,3,1.05,0.585,5.22,2,1.346,1778336839.51
trail_close,3,34.32,3.559,7.32,4,3.721,1778336843.231
player_death,3,42.32,3.081,0.41,0,3.446,1778336846.677
trail_close,3,10.11,1.336,9.05,2,3.601,1778336850.278
player_death,3,52.42,1.237,5.86,1,2.365,1778336852.643
trail_close,3,3.89,0.992,8.82,1,2.636,1778336855.279
trail_close,3,0.42,0.253,5.42,1,0.667,1778336855.946
trail_close,3,1.47,1.163,4.8,1,1.574,1778336857.52
trail_close,3,10.53,0.905,11.08,1,2.074,1778336859.594
trail_close,3,6.21,1.166,6.32,4,1.745,1778336861.339
trail_close,3,1.16,0.909,6.18,1,0.99,1778336862.329
trail_close,3,2.11,0.746,2.91,1,1.074,1778336863.403
trail_close,3,1.68,0.583,4.53,1,1.159,1778336864.562
trail_close,3,0.32,0.086,3.38,0,1.153,1778336865.715
trail_close,4,7.47,1.585,12.08,3,2.896,1778336868.612
trail_close,4,0.84,0.42,4.14,1,15.265,1778336883.876
trail_close,4,1.16,0.584,7.42,2,1.424,1778336885.3
trail_close,4,2.63,0.745,23.5,1,2.178,1778336887.478
trail_close,4,0.11,0.085,16.66,1,0.928,1778336888.407
trail_close,4,0.84,0.504,11.91,1,1.083,1778336889.49
player_death,4,13.05,1.198,2.55,5,1.528,1778336891.018
trail_close,4,0.53,0.411,5.53,1,1.58,1778336892.598
trail_close,4,4.0,1.08,13.37,2,1.489,1778336894.087
trail_close,4,1.68,0.59,13.49,1,1.067,1778336895.154
player_death,4,19.26,0.269,0.36,1,0.603,1778336895.757
trail_close,4,1.05,0.494,7.62,1,2.334,1778336898.091
trail_close,4,6.95,1.581,5.42,1,2.166,1778336900.257
trail_close,4,0.95,0.329,4.1,0,0.408,1778336900.665
trail_close,4,1.89,0.584,5.89,0,2.509,1778336903.174
trail_close,4,2.11,0.981,12.04,2,3.734,1778336906.908
trail_close,4,30.74,2.392,10.95,3,3.874,1778336910.782
trail_close,4,3.47,1.071,6.22,1,2.968,1778336913.75
trail_close,4,10.84,1.578,4.6,2,2.906,1778336916.656
trail_close,4,1.47,0.715,13.39,2,2.607,1778336919.263
trail_close,4,1.58,0.582,4.04,1,0.76,1778336920.023
trail_close,5,2.21,0.741,13.06,1,3.305,1778336923.328
trail_close,5,10.21,1.903,16.61,5,3.062,1778336926.39
trail_close,5,1.68,0.582,23.66,1,2.321,1778336928.711
trail_close,5,2.32,0.837,17.28,2,1.175,1778336929.886
trail_close,5,1.47,1.163,6.26,1,1.489,1778336931.375
trail_close,5,2.95,0.838,19.66,1,3.247,1778336934.622
player_death,5,20.84,2.473,0.45,6,3.082,1778336937.704
player_death,5,20.84,0.033,0.77,0,0.679,1778336938.383
trail_close,5,0.42,0.254,2.34,1,0.956,1778336939.339
trail_close,5,18.11,3.032,3.88,3,4.025,1778336943.364
trail_close,5,19.58,2.066,8.2,0,2.892,1778336946.256
trail_close,5,3.79,0.75,9.85,0,1.802,1778336948.058
trail_close,5,2.95,0.834,3.77,1,1.63,1778336949.687
trail_close,5,10.11,1.661,11.1,2,2.899,1778336952.586
trail_close,5,3.79,0.996,4.54,0,2.032,1778336954.619
trail_close,5,3.47,0.995,2.52,2,1.659,1778336956.277
trail_close,6,13.68,2.658,14.6,4,3.968,1778336960.245
trail_close,6,5.89,1.176,8.66,1,1.582,1778336961.827
trail_close,6,5.37,1.569,6.71,1,2.727,1778336964.554
trail_close,6,0.32,0.317,12.33,2,1.397,1778336965.951
player_death,6,25.26,0.891,4.13,1,1.878,1778336967.829
trail_close,6,0.53,0.417,15.5,0,1.432,1778336969.261
trail_close,6,7.26,2.721,23.24,0,2.966,1778336972.227
trail_close,6,9.58,1.57,5.26,1,2.387,1778336974.614
trail_close,6,3.37,0.904,2.25,1,3.057,1778336977.671
trail_close,6,0.42,0.517,1.9,2,1.211,1778336978.882
trail_close,6,0.21,0.167,1.92,1,0.743,1778336979.625
trail_close,6,4.63,1.095,9.98,3,1.713,1778336981.338
trail_close,6,1.05,0.824,1.87,2,2.68,1778336984.018
trail_close,6,1.68,0.501,5.87,1,1.177,1778336985.195
player_death,6,54.0,0.0,0.27,0,0.33,1778336985.525
trail_close,6,6.53,1.404,10.87,2,5.668,1778336991.193
trail_close,6,2.63,0.744,11.63,1,2.676,1778336993.869
trail_close,6,1.26,0.331,11.24,0,2.07,1778336995.939
trail_close,6,0.63,0.247,7.2,0,0.494,1778336996.432
player_death,6,65.05,0.0,0.36,0,2.484,1778336998.917
trail_close,1,100.0,2.476,20.7,2,5.366,1778337004.282
trail_close,2,2.53,0.739,5.52,1,2.329,1778337006.611
trail_close,2,4.21,1.077,15.68,1,1.806,1778337008.417
trail_close,2,0.84,0.666,3.76,2,1.829,1778337010.246
trail_close,2,62.0,4.411,13.57,8,5.274,1778337015.52
trail_close,2,2.53,0.834,12.69,1,1.478,1778337016.997
trail_close,2,6.53,0.746,11.89,1,1.161,1778337018.158
trail_close,2,0.95,0.419,5.02,1,0.768,1778337018.927
trail_close,2,0.63,0.5,2.77,1,1.079,1778337020.005
trail_close,3,2.63,2.068,8.77,0,4.043,1778337024.048
trail_close,3,63.16,0.663,4.63,2,2.065,1778337026.113
trail_close,3,0.42,0.331,3.62,1,4.615,1778337030.727
trail_close,3,0.63,0.334,7.14,1,0.728,1778337031.456
trail_close,3,0.84,0.663,1.49,2,1.24,1778337032.695
trail_close,3,0.84,0.417,6.61,1,1.658,1778337034.353
trail_close,3,1.26,0.501,8.21,1,0.826,1778337035.179
trail_close,3,0.63,0.335,4.47,1,0.635,1778337035.814
trail_close,3,1.05,0.503,12.99,0,0.673,1778337036.486
trail_close,3,0.11,0.085,13.54,0,0.248,1778337036.734
trail_close,3,0.53,0.25,11.29,1,0.583,1778337037.317
trail_close,3,0.95,0.416,3.58,1,0.741,1778337038.058
trail_close,3,1.89,0.834,8.12,1,1.166,1778337039.224
trail_close,3,1.58,0.75,6.31,2,1.163,1778337040.387
trail_close,3,1.58,0.583,2.0,1,1.166,1778337041.554
trail_close,3,0.42,0.165,5.58,0,0.418,1778337041.971
player_death,3,78.53,0.298,0.89,1,0.383,1778337042.355
trail_close,3,1.26,0.493,7.76,1,1.656,1778337044.011
trail_close,3,0.84,0.417,9.87,1,0.828,1778337044.839
trail_close,4,3.79,2.993,24.46,4,4.389,1778337049.228
trail_close,4,2.63,0.747,13.73,1,1.367,1778337050.595
trail_close,4,5.26,0.834,18.75,0,0.917,1778337051.512
trail_close,4,10.95,0.168,1.96,0,1.379,1778337052.891
trail_close,4,0.21,0.348,2.37,1,0.428,1778337053.319
player_death,4,22.84,1.119,5.78,5,1.949,1778337055.268
trail_close,4,0.84,0.166,2.1,0,0.581,1778337055.849
trail_close,4,24.42,3.169,9.38,5,3.496,1778337059.346
player_death,4,48.11,1.766,5.92,1,2.68,1778337062.026
trail_close,4,8.0,0.991,3.76,1,3.258,1778337065.284
trail_close,4,0.74,0.584,4.43,2,1.161,1778337066.446
trail_close,4,1.26,0.573,6.97,1,1.649,1778337068.094
trail_close,4,2.84,2.553,7.48,6,4.95,1778337073.044
trail_close,4,0.42,0.083,7.65,0,0.415,1778337073.459
trail_close,4,11.05,1.173,3.36,1,1.507,1778337074.966
trail_close,4,0.11,0.081,6.9,0,0.495,1778337075.461
trail_close,4,3.79,1.318,10.45,0,2.849,1778337078.31
trail_close,4,2.53,0.83,8.24,1,1.323,1778337079.633
trail_close,4,6.21,0.664,4.29,0,1.079,1778337080.712
trail_close,5,1.89,0.829,7.02,3,2.104,1778337082.815
trail_close,5,3.05,2.402,13.55,1,3.113,1778337085.928
trail_close,5,3.16,0.835,6.79,1,1.45,1778337087.378
trail_close,5,0.42,0.337,6.68,1,0.419,1778337087.797
player_death,5,8.53,1.367,0.23,3,1.448,1778337089.246
trail_close,5,0.84,0.333,7.34,0,1.913,1778337091.158
trail_close,5,2.32,1.823,14.4,2,1.9,1778337093.059
trail_close,5,2.95,0.836,9.64,1,1.366,1778337094.424
trail_close,5,2.42,0.663,7.2,0,0.746,1778337095.171
trail_close,5,2.11,0.67,6.61,1,1.085,1778337096.255
trail_close,5,1.26,0.749,5.81,2,1.498,1778337097.753
trail_close,5,0.95,0.744,4.52,1,1.812,1778337099.565
trail_close,5,19.47,2.461,6.41,2,2.843,1778337102.408
trail_close,5,5.47,1.085,18.72,0,1.582,1778337103.99
trail_close,5,8.84,1.735,9.85,2,2.269,1778337106.259
trail_close,5,10.74,1.327,13.45,0,1.592,1778337107.851
trail_close,5,1.26,0.581,8.06,1,0.878,1778337108.729
trail_close,5,8.32,0.752,4.86,0,1.135,1778337109.864
trail_close,5,1.58,0.598,3.22,1,2.107,1778337111.971
trail_close,5,4.74,0.671,21.67,0,1.136,1778337113.108
trail_close,6,4.21,0.997,11.62,1,2.211,1778337115.319
trail_close,6,2.53,0.832,8.9,1,1.726,1778337117.045
trail_close,6,2.11,0.672,11.98,1,1.162,1778337118.207
trail_close,6,3.79,1.156,9.22,1,1.523,1778337119.73
trail_close,6,11.37,2.235,13.99,4,2.395,1778337122.125
player_death,6,24.0,0.0,0.27,0,0.678,1778337122.803
trail_close,6,1.58,0.584,15.52,1,2.39,1778337125.193
trail_close,6,34.95,2.303,22.15,6,3.295,1778337128.488
trail_close,6,39.47,1.407,27.5,2,1.887,1778337130.375
trail_close,7,4.53,1.25,11.91,3,2.551,1778337132.926
trail_close,7,6.84,1.418,10.97,0,3.197,1778337136.123
trail_close,7,2.63,0.751,16.88,1,1.158,1778337137.281
trail_close,7,2.84,0.995,5.87,1,1.759,1778337139.04
trail_close,7,2.74,0.919,7.71,3,2.75,1778337141.79
trail_close,7,2.53,1.491,3.52,4,1.656,1778337143.447
player_death,7,22.11,0.397,1.53,1,0.974,1778337144.421
trail_close,7,5.37,1.402,3.1,1,2.817,1778337147.238
player_death,7,27.47,0.962,0.87,1,1.461,1778337148.699
trail_close,7,7.58,1.737,3.66,1,3.14,1778337151.839
trail_close,7,3.79,1.469,8.53,5,1.934,1778337153.773
trail_close,7,5.89,1.165,12.71,1,2.533,1778337156.306
trail_close,7,6.32,1.248,7.3,1,2.578,1778337158.884
trail_close,7,1.26,0.502,4.0,1,0.746,1778337159.629
trail_close,7,0.32,0.247,7.36,0,0.41,1778337160.039
trail_close,7,0.42,0.333,11.54,1,0.579,1778337160.619
trail_close,7,4.32,1.251,10.18,2,1.589,1778337162.208
trail_close,7,4.11,1.411,12.26,4,1.826,1778337164.034
trail_close,7,0.63,0.416,2.94,2,0.831,1778337164.865
trail_close,7,0.21,0.237,6.3,2,0.653,1778337165.519
trail_close,7,2.74,1.071,2.2,3,2.1,1778337167.619
trail_close,7,0.42,0.252,2.3,1,1.019,1778337168.637
trail_close,7,0.11,0.084,9.07,0,0.429,1778337169.067
trail_close,7,1.89,0.831,10.8,2,2.164,1778337171.231
trail_close,7,0.84,0.17,10.77,0,0.977,1778337172.208
trail_close,7,1.05,0.843,5.52,3,3.894,1778337176.102
trail_close,7,0.42,0.25,4.47,1,0.666,1778337176.768
trail_close,7,0.63,0.329,4.22,1,1.11,1778337177.878
trail_close,7,0.32,0.25,7.88,1,0.747,1778337178.626
trail_close,7,5.37,0.91,4.32,0,2.388,1778337181.013
trail_close,7,0.74,0.251,2.79,1,2.189,1778337183.202
trail_close,7,1.26,0.495,5.89,1,2.513,1778337185.715
trail_close,7,1.68,1.032,9.07,1,5.067,1778337190.782
trail_close,7,2.11,0.41,9.15,0,4.543,1778337195.326
trail_close,8,21.05,2.078,8.8,0,3.576,1778337198.902
trail_close,8,2.21,0.873,8.66,1,4.938,1778337203.84
trail_close,8,0.63,0.501,1.91,1,1.181,1778337205.021
trail_close,8,10.42,1.56,10.73,1,3.212,1778337208.233
player_death,8,34.32,0.597,2.2,1,1.254,1778337209.487
trail_close,8,5.47,1.321,9.84,1,2.597,1778337212.084
trail_close,8,5.16,1.078,3.85,1,1.579,1778337213.663
trail_close,8,11.37,1.628,11.56,4,2.334,1778337215.997
trail_close,8,5.16,1.085,5.12,1,1.331,1778337217.327
trail_close,8,3.68,0.583,19.03,0,1.594,1778337218.921
trail_close,8,0.84,0.418,9.22,1,0.662,1778337219.583
trail_close,8,3.16,0.827,2.1,1,1.66,1778337221.243
trail_close,8,3.58,1.504,4.59,2,3.44,1778337224.683
trail_close,8,1.26,0.502,7.21,1,1.081,1778337225.764
trail_close,8,0.84,0.164,5.72,0,1.785,1778337227.549
trail_close,8,1.89,0.737,6.29,2,1.702,1778337229.251
trail_close,8,2.11,0.66,9.69,1,1.402,1778337230.654
trail_close,8,0.21,0.301,8.39,1,0.727,1778337231.381
trail_close,8,3.26,0.766,9.17,1,1.777,1778337233.158
trail_close,9,15.79,2.072,5.99,0,3.437,1778337236.595
trail_close,9,6.74,1.91,4.51,4,2.72,1778337239.315
trail_close,9,0.84,0.084,3.23,0,1.667,1778337240.982
trail_close,9,21.58,2.484,8.39,2,4.148,1778337245.13
trail_close,9,15.58,3.23,23.2,7,4.483,1778337249.613
trail_close,9,1.79,0.33,13.61,0,1.076,1778337250.689
player_death,9,62.32,0.649,0.25,2,1.249,1778337251.938
trail_close,9,3.79,0.905,4.05,1,2.251,1778337254.189
trail_close,9,2.95,0.579,14.45,0,1.334,1778337255.523
player_death,9,69.05,0.468,1.26,0,1.046,1778337256.568
trail_close,9,2.84,0.745,4.2,0,1.992,1778337258.56
trail_close,9,1.26,0.663,10.68,1,2.349,1778337260.909
trail_close,9,7.58,0.834,8.2,1,3.203,1778337264.112
trail_close,10,0.21,0.17,2.83,1,4.72,1778337268.831
trail_close,10,2.95,0.834,11.03,1,3.822,1778337272.653
trail_close,10,1.05,0.831,4.14,1,1.601,1778337274.254
trail_close,10,4.84,1.484,7.82,2,1.809,1778337276.063
trail_close,10,16.21,5.036,11.93,14,5.264,1778337281.327
trail_close,10,11.16,1.152,9.49,2,2.69,1778337284.017
trail_close,10,8.0,1.572,10.33,5,1.734,1778337285.75
trail_close,10,2.21,0.748,12.95,1,1.078,1778337286.828
trail_close,10,7.89,1.565,14.64,1,2.235,1778337289.063
trail_close,10,1.68,0.669,13.15,1,1.423,1778337290.486
trail_close,10,22.74,1.748,5.76,0,2.358,1778337292.844
trail_close,10,11.58,0.499,11.54,0,2.315,1778337295.159
trail_close,11,1.68,0.745,9.71,1,4.507,1778337299.666
trail_close,11,2.53,1.981,10.01,1,3.463,1778337303.129
trail_close,11,10.74,0.75,3.68,2,3.365,1778337306.494
trail_close,11,1.58,0.743,3.67,2,2.804,1778337309.298
player_death,11,16.53,0.0,0.8,0,0.18,1778337309.478
trail_close,11,12.95,1.468,1.67,2,12.631,1778337322.109
trail_close,11,0.74,0.882,1.68,1,4.632,1778337326.741
trail_close,11,1.26,0.585,8.22,1,1.158,1778337327.899
trail_close,11,2.53,0.819,3.78,1,2.244,1778337330.143
trail_close,11,5.05,1.24,10.68,1,2.598,1778337332.741
trail_close,11,2.53,0.748,16.04,1,1.336,1778337334.076
trail_close,11,1.26,0.497,7.74,1,1.246,1778337335.322
trail_close,11,3.68,0.751,7.96,1,1.361,1778337336.683
trail_close,11,4.63,0.833,14.26,1,1.758,1778337338.441
trail_close,11,1.89,1.898,12.18,0,3.143,1778337341.584
trail_close,11,4.74,1.236,13.66,2,5.522,1778337347.106
trail_close,11,2.95,0.83,8.73,1,1.161,1778337348.268
trail_close,11,0.63,0.339,7.12,1,0.674,1778337348.942
trail_close,11,0.21,0.085,4.0,0,0.996,1778337349.938
player_death,11,61.58,0.748,0.28,1,1.596,1778337351.534
trail_close,11,2.95,0.642,2.29,0,4.772,1778337356.306
player_death,11,64.53,0.33,0.99,1,0.656,1778337356.962
trail_close,11,0.63,0.0,1.4,0,0.001,1778337356.963
trail_close,1,4.42,1.004,12.26,1,4.229,1778337361.191
trail_close,1,4.11,1.245,5.84,3,2.583,1778337363.774
trail_close,1,35.16,2.57,13.55,4,2.867,1778337366.641
trail_close,1,20.11,2.563,24.06,2,3.063,1778337369.704
trail_close,1,25.05,1.922,6.24,1,2.372,1778337372.076
trail_close,2,2.74,2.272,2.65,4,4.099,1778337376.175
trail_close,2,0.63,0.167,4.22,0,0.53,1778337376.705
trail_close,2,36.32,2.073,14.68,2,2.155,1778337378.86
player_death,2,39.68,0.331,0.43,1,1.17,1778337380.03
trail_close,2,0.42,0.33,4.41,0,1.495,1778337381.525
trail_close,2,57.16,2.098,24.74,5,2.178,1778337383.703
trail_close,3,3.79,0.907,11.77,1,2.088,1778337385.791
trail_close,3,8.21,1.502,5.49,1,2.182,1778337387.973
trail_close,3,2.95,0.83,18.57,1,2.048,1778337390.021
trail_close,3,5.26,2.004,3.23,5,2.634,1778337392.655
trail_close,3,1.16,0.577,4.1,2,1.538,1778337394.193
trail_close,3,2.84,2.233,12.44,2,2.678,1778337396.87
trail_close,3,7.68,1.823,8.04,3,2.234,1778337399.104
trail_close,3,4.42,0.496,12.01,0,1.755,1778337400.859
trail_close,3,5.37,1.169,7.53,2,1.743,1778337402.602
trail_close,3,2.11,0.167,5.71,0,0.25,1778337402.852
player_death,3,43.79,0.183,0.32,0,0.348,1778337403.2
trail_close,3,22.84,2.979,8.43,6,4.833,1778337408.034
player_death,3,66.63,1.737,0.4,5,2.136,1778337410.169
trail_close,3,1.58,0.248,2.97,0,2.476,1778337412.645
trail_close,3,0.42,0.25,2.55,1,0.577,1778337413.222
trail_close,3,4.63,0.752,2.71,0,1.42,1778337414.642
trail_close,3,3.89,0.664,7.61,0,0.912,1778337415.555
trail_close,3,8.53,0.993,4.43,2,1.238,1778337416.793
trail_close,4,4.42,0.999,15.88,1,3.459,1778337420.252
trail_close,4,13.26,2.147,5.35,1,3.195,1778337423.447
trail_close,4,1.26,1.001,1.72,3,1.822,1778337425.269
trail_close,4,2.32,0.904,12.4,0,1.652,1778337426.921
trail_close,4,5.37,0.736,1.66,0,5.414,1778337432.335
trail_close,4,2.0,1.578,17.45,0,3.813,1778337436.148
trail_close,4,2.63,0.749,6.0,1,1.439,1778337437.588
trail_close,4,6.0,1.491,6.91,2,1.571,1778337439.159
trail_close,4,5.89,0.66,4.66,0,2.065,1778337441.224
trail_close,4,0.11,0.083,7.44,1,0.334,1778337441.557
player_death,4,43.26,1.285,6.5,3,1.786,1778337443.343
trail_close,4,44.21,1.567,8.24,2,3.055,1778337446.399
trail_close,5,21.05,2.085,10.33,0,3.688,1778337450.086
trail_close,5,1.05,0.499,8.16,1,1.01,1778337451.097
trail_close,5,1.68,1.164,5.87,3,1.91,1778337453.007
trail_close,5,0.95,0.421,3.49,1,0.867,1778337453.874
trail_close,5,8.63,1.824,5.82,3,2.41,1778337456.284
trail_close,5,0.42,0.331,4.84,0,0.991,1778337457.275
trail_close,5,1.26,0.332,5.31,0,0.677,1778337457.952
trail_close,5,3.37,1.33,6.28,0,1.495,1778337459.446
trail_close,5,4.63,3.858,4.79,7,4.568,1778337464.015
player_death,5,43.05,1.671,3.31,1,2.417,1778337466.432
player_death,5,43.05,0.25,0.52,0,3.14,1778337469.572
trail_close,5,8.42,0.661,12.39,0,3.172,1778337472.745
trail_close,5,0.21,0.166,8.63,1,0.246,1778337472.99
trail_close,5,37.68,2.321,4.52,2,2.405,1778337475.396
trail_close,6,18.42,2.072,14.58,0,3.407,1778337478.803
trail_close,6,2.42,1.9,6.24,1,3.577,1778337482.38
trail_close,6,7.68,1.49,13.31,3,1.9,1778337484.28
trail_close,6,5.68,1.514,6.77,1,1.845,1778337486.126
trail_close,6,11.05,2.171,13.62,6,3.161,1778337489.287
trail_close,6,17.37,2.577,5.0,1,2.658,1778337491.945
trail_close,6,1.68,0.577,9.25,1,1.276,1778337493.222
trail_close,6,14.74,1.078,7.72,0,2.205,1778337495.427
player_death,6,79.05,0.478,1.55,1,2.253,1778337497.68
trail_close,6,2.53,0.249,14.1,0,5.529,1778337503.21
trail_close,7,5.37,1.327,8.76,3,2.466,1778337505.676
trail_close,7,0.95,0.581,7.04,1,2.119,1778337507.795
trail_close,7,3.68,0.917,18.9,1,1.573,1778337509.369
player_death,7,10.0,0.731,5.36,0,1.123,1778337510.492
trail_close,7,9.37,1.669,6.4,2,2.67,1778337513.162
trail_close,7,3.16,0.829,5.22,1,1.885,1778337515.047
trail_close,7,0.32,0.251,5.26,1,2.011,1778337517.058
trail_close,7,0.11,0.086,4.81,1,1.097,1778337518.155
trail_close,7,1.68,0.585,4.14,1,0.919,1778337519.073
trail_close,7,5.16,1.497,9.38,3,1.911,1778337520.984
trail_close,7,0.84,0.415,8.68,1,0.655,1778337521.639
trail_close,7,3.16,1.16,2.66,3,2.237,1778337523.876
trail_close,7,0.42,0.252,6.12,1,0.503,1778337524.379
trail_close,7,1.26,0.67,14.28,1,1.336,1778337525.715
trail_close,7,0.74,0.591,1.66,1,1.426,1778337527.141
trail_close,7,8.11,2.085,14.01,3,4.135,1778337531.276
trail_close,7,2.21,1.817,1.93,4,5.961,1778337537.237
trail_close,7,2.0,1.581,3.11,2,1.662,1778337538.898
trail_close,7,0.11,0.082,2.27,1,0.163,1778337539.062
player_death,7,48.63,1.102,8.76,1,1.269,1778337540.331
trail_close,7,3.05,0.33,6.44,0,3.306,1778337543.637
trail_close,7,3.16,1.149,6.42,2,1.473,1778337545.11
trail_close,7,15.16,1.323,10.65,2,2.279,1778337547.389
trail_close,7,1.68,0.435,5.54,1,1.231,1778337548.62
trail_close,7,2.11,0.197,3.45,0,0.344,1778337548.964
trail_close,7,0.32,0.304,2.36,1,0.355,1778337549.319
trail_close,7,1.68,0.818,5.5,1,0.869,1778337550.188
trail_close,7,11.37,0.748,5.07,0,5.734,1778337555.922
trail_close,8,25.26,2.572,8.41,4,6.521,1778337562.443
trail_close,8,0.42,0.331,5.42,1,1.837,1778337564.28
trail_close,8,4.84,1.747,9.18,3,2.23,1778337566.509
trail_close,8,1.58,1.252,3.19,1,1.5,1778337568.009
trail_close,8,8.0,1.497,5.89,1,2.013,1778337570.022
player_death,8,40.11,2.467,3.14,4,3.296,1778337573.318
trail_close,8,14.53,2.308,3.23,1,4.703,1778337578.022
trail_close,8,15.16,0.741,5.43,0,2.067,1778337580.089
player_death,8,69.79,1.874,5.4,4,3.607,1778337583.696
trail_close,8,0.21,0.533,2.43,2,6.224,1778337589.92
trail_close,8,0.95,0.75,5.91,0,1.334,1778337591.254
trail_close,8,5.47,0.663,8.52,0,1.801,1778337593.055
trail_close,8,0.11,0.13,8.73,1,0.216,1778337593.271
trail_close,8,2.74,0.499,3.44,1,4.498,1778337597.769
trail_close,8,1.05,0.166,4.0,0,1.772,1778337599.541
trail_close,9,15.79,2.053,22.12,0,3.355,1778337602.896
player_death,9,15.79,0.816,4.15,1,1.459,1778337604.356
trail_close,9,26.32,2.048,19.37,0,4.818,1778337609.174
trail_close,9,5.79,1.228,12.36,1,3.591,1778337612.764
trail_close,9,3.16,0.828,3.74,1,1.911,1778337614.675
trail_close,9,2.84,0.751,11.36,0,1.512,1778337616.187
trail_close,9,3.37,0.907,15.43,1,1.75,1778337617.937
trail_close,9,10.95,1.81,4.63,4,4.934,1778337622.871
player_death,9,68.21,0.541,0.22,0,3.315,1778337626.186
trail_close,9,3.79,0.741,11.89,0,4.722,1778337630.908
trail_close,9,2.21,0.584,4.97,0,3.492,1778337634.4
trail_close,9,0.42,0.333,5.84,1,1.073,1778337635.473
trail_close,9,0.95,0.41,7.26,1,1.696,1778337637.169
trail_close,9,2.42,0.743,7.84,1,0.989,1778337638.158
trail_close,9,0.63,0.501,4.39,2,1.529,1778337639.687
trail_close,9,0.63,0.331,7.53,1,1.092,1778337640.78
trail_close,9,0.21,0.168,8.57,1,1.028,1778337641.807
trail_close,9,1.05,0.499,7.66,1,1.411,1778337643.218
trail_close,10,12.53,1.92,9.33,1,3.635,1778337646.854
trail_close,10,6.42,1.821,6.46,2,2.379,1778337649.233
trail_close,10,5.47,1.33,7.05,1,2.435,1778337651.668
trail_close,10,1.26,0.763,3.89,2,1.309,1778337652.977
trail_close,10,5.68,1.165,6.78,1,1.81,1778337654.786
trail_close,10,0.95,0.615,2.15,2,0.944,1778337655.73
trail_close,10,2.11,0.667,6.71,1,2.369,1778337658.1
trail_close,10,4.74,1.163,7.92,1,1.623,1778337659.723
trail_close,10,9.05,1.42,8.33,3,1.5,1778337661.223
trail_close,10,1.58,0.576,3.85,1,1.815,1778337663.037
trail_close,10,3.47,0.546,3.51,2,2.033,1778337665.071
trail_close,10,0.95,0.25,3.49,0,2.71,1778337667.781
trail_close,10,1.37,1.24,3.24,3,2.534,1778337670.315
trail_close,10,1.89,1.485,9.69,2,1.735,1778337672.05
trail_close,10,4.74,1.085,8.51,1,1.582,1778337673.632
trail_close,10,2.42,0.5,6.58,0,0.582,1778337674.214
trail_close,10,1.89,0.498,5.05,0,0.829,1778337675.043
trail_close,10,4.11,0.746,8.13,0,2.154,1778337677.197
trail_close,10,3.79,0.752,7.15,0,1.167,1778337678.364
trail_close,10,5.79,1.332,6.14,3,1.515,1778337679.879
trail_close,11,6.74,1.25,13.93,1,3.221,1778337683.101
trail_close,11,0.74,0.585,1.04,2,2.847,1778337685.948
trail_close,11,1.26,0.581,7.36,1,1.278,1778337687.226
player_death,11,8.74,0.532,0.66,1,3.084,1778337690.311
trail_close,11,7.47,2.14,6.07,5,3.825,1778337694.136
trail_close,11,18.32,3.845,5.04,3,4.137,1778337698.273
trail_close,11,65.26,5.23,6.12,7,6.889,1778337705.162
trail_close,12,4.42,1.0,19.51,1,3.746,1778337708.909
trail_close,12,5.89,1.239,6.98,3,2.376,1778337711.284
trail_close,12,5.89,1.411,8.89,3,3.054,1778337714.338
trail_close,12,0.74,0.584,3.12,1,0.998,1778337715.336
trail_close,12,7.58,1.319,9.79,1,3.129,1778337718.465
trail_close,12,6.0,1.578,5.53,3,2.66,1778337721.125
trail_close,12,0.42,0.249,6.62,1,3.152,1778337724.276
trail_close,12,0.42,0.34,3.94,1,1.364,1778337725.64
trail_close,12,67.68,3.877,22.58,7,4.752,1778337730.392
trail_close,13,0.63,0.496,3.26,1,6.846,1778337737.239
trail_close,13,4.84,2.44,7.07,3,7.592,1778337744.83
trail_close,13,5.26,1.496,14.13,2,6.328,1778337751.159
trail_close,13,28.63,1.411,8.12,0,1.491,1778337752.65
trail_close,13,1.89,0.254,4.57,0,0.833,1778337753.483
trail_close,13,4.53,1.752,3.62,5,1.836,1778337755.318
trail_close,13,0.84,0.669,3.43,0,1.077,1778337756.396
trail_close,13,16.42,1.982,10.13,1,2.495,1778337758.891
player_death,13,63.05,0.529,0.41,2,0.777,1778337759.668
trail_close,13,2.95,0.833,1.54,1,2.74,1778337762.408
trail_close,13,13.26,0.749,5.11,0,1.5,1778337763.908
trail_close,13,5.89,0.742,5.98,0,1.959,1778337765.867
trail_close,14,2.21,0.752,3.51,1,4.343,1778337770.21
trail_close,14,0.74,0.588,1.06,2,3.25,1778337773.461
trail_close,14,14.95,2.005,9.19,3,5.183,1778337778.644
trail_close,14,1.47,0.666,5.72,1,0.912,1778337779.555
trail_close,14,2.63,0.749,5.19,1,1.904,1778337781.46
trail_close,14,0.63,0.333,5.53,1,1.164,1778337782.624
trail_close,14,7.26,1.818,8.49,3,2.15,1778337784.774
trail_close,14,4.21,3.96,14.58,3,4.371,1778337789.145
player_death,14,34.11,0.464,2.56,1,1.475,1778337790.62
trail_close,14,0.95,0.417,2.83,1,1.362,1778337791.982
trail_close,14,0.84,0.419,5.28,1,0.917,1778337792.899
trail_close,14,0.74,3.765,4.02,4,6.882,1778337799.781
trail_close,14,5.68,1.164,10.26,1,2.525,1778337802.306
trail_close,14,9.89,2.321,8.01,5,5.865,1778337808.171
trail_close,14,3.89,0.346,3.26,0,2.309,1778337810.48
trail_close,14,4.42,0.986,7.41,1,2.859,1778337813.339
trail_close,14,0.42,0.246,2.06,1,2.514,1778337815.853
trail_close,14,4.32,0.738,4.74,0,2.352,1778337818.206
trail_close,14,2.42,0.746,5.74,0,3.514,1778337821.72
trail_close,14,1.05,0.414,5.01,0,1.5,1778337823.22
trail_close,14,0.63,0.334,3.72,1,1.099,1778337824.319
trail_close,14,0.84,0.418,5.26,1,0.784,1778337825.103
trail_close,14,0.74,0.419,4.0,1,0.971,1778337826.074
trail_close,14,0.32,0.25,3.71,1,1.248,1778337827.321
trail_close,14,0.74,0.332,2.77,1,0.915,1778337828.236
trail_close,14,3.68,0.897,5.2,1,3.272,1778337831.507
trail_close,14,2.11,0.668,5.26,1,1.335,1778337832.843
trail_close,14,3.16,1.002,3.02,3,1.266,1778337834.108
trail_close,15,13.16,2.056,3.14,0,3.673,1778337837.781
trail_close,15,3.47,1.082,7.34,1,1.723,1778337839.504
trail_close,15,7.26,2.054,11.06,1,3.49,1778337842.995
trail_close,15,8.11,1.419,9.13,1,3.075,1778337846.069
player_death,15,32.0,0.148,1.06,1,1.256,1778337847.325
trail_close,15,1.26,0.495,5.65,1,2.385,1778337849.711
trail_close,15,0.95,0.414,6.19,1,1.543,1778337851.253
trail_close,15,0.42,0.331,9.97,1,1.574,1778337852.828
trail_close,15,2.21,0.75,18.04,1,1.123,1778337853.951
trail_close,15,1.05,0.501,5.09,1,1.656,1778337855.607
trail_close,15,9.26,1.65,11.85,4,3.428,1778337859.035
trail_close,15,0.84,0.412,5.33,1,1.736,1778337860.771
trail_close,15,1.37,0.746,7.07,1,1.575,1778337862.346
trail_close,15,0.95,0.496,12.83,0,1.404,1778337863.75
trail_close,15,1.26,0.5,9.26,0,4.082,1778337867.831
trail_close,15,1.05,0.668,5.41,3,5.667,1778337873.499
trail_close,15,47.37,3.755,20.35,5,5.818,1778337879.317
trail_close,16,1.58,0.59,6.71,1,2.356,1778337881.673
trail_close,16,2.21,0.753,9.97,1,1.596,1778337883.269
trail_close,16,0.63,0.504,8.23,1,0.915,1778337884.184
trail_close,16,9.68,1.657,8.61,3,3.491,1778337887.675
trail_close,16,1.68,0.579,5.84,1,0.988,1778337888.664
trail_close,16,3.16,0.834,2.02,1,1.91,1778337890.573
trail_close,16,4.11,1.244,11.0,3,2.455,1778337893.028
trail_close,16,9.26,1.833,8.61,4,2.323,1778337895.351
trail_close,16,2.84,2.599,1.42,3,6.288,1778337901.639
trail_close,16,1.37,1.075,3.74,2,1.68,1778337903.319
trail_close,16,9.58,1.407,12.1,0,1.873,1778337905.192
trail_close,16,18.95,1.239,7.88,0,2.322,1778337907.514
trail_close,16,1.37,0.333,5.54,1,1.244,1778337908.758
trail_close,16,0.53,0.413,6.1,0,0.589,1778337909.347
trail_close,16,3.05,1.501,4.24,3,1.584,1778337910.93
trail_close,16,1.26,1.037,7.84,1,4.737,1778337915.668
trail_close,16,2.53,0.251,7.6,0,1.504,1778337917.171
trail_close,16,0.84,0.362,1.33,1,0.443,1778337917.614
player_death,16,74.63,0.418,2.06,1,1.599,1778337919.213
trail_close,16,1.68,0.578,6.73,1,4.946,1778337924.158
trail_close,16,1.68,0.571,4.59,1,2.804,1778337926.962
trail_close,16,0.84,0.497,5.33,1,0.745,1778337927.707
trail_close,16,16.21,1.886,4.77,4,5.776,1778337933.483
trail_close,17,2.53,0.739,12.41,1,5.4,1778337938.883
trail_close,17,2.63,1.091,7.42,2,1.583,1778337940.465
trail_close,17,2.11,0.826,9.49,0,2.297,1778337942.763
trail_close,17,0.95,0.749,0.99,2,2.067,1778337944.83
trail_close,17,0.21,0.167,1.71,0,1.333,1778337946.163
trail_close,17,7.37,1.572,9.64,4,2.23,1778337948.393
trail_close,17,5.89,1.239,8.96,1,1.725,1778337950.118
trail_close,17,15.05,1.989,15.5,2,2.069,1778337952.186
trail_close,17,1.47,0.665,10.76,1,0.976,1778337953.162
trail_close,17,5.37,0.737,8.62,1,2.432,1778337955.595
trail_close,17,2.53,0.829,9.51,1,1.407,1778337957.002
trail_close,17,0.42,0.484,4.14,1,1.01,1778337958.012
trail_close,17,10.0,1.406,12.46,1,1.737,1778337959.749
trail_close,17,0.42,0.331,14.19,1,1.248,1778337960.997
trail_close,17,0.63,0.329,8.43,1,1.565,1778337962.562
trail_close,17,9.58,1.572,11.67,2,3.221,1778337965.783
player_death,17,67.16,1.385,0.83,1,2.561,1778337968.344
trail_close,17,1.58,0.582,9.77,1,3.311,1778337971.655
trail_close,17,5.05,1.407,8.4,2,1.653,1778337973.308
player_death,17,73.79,0.812,3.39,0,1.043,1778337974.351
trail_close,17,3.16,2.632,5.3,8,6.296,1778337980.647
trail_close,17,12.63,1.242,2.65,2,1.901,1778337982.548
trail_close,18,6.74,1.502,11.01,3,2.994,1778337985.542
trail_close,18,3.37,0.914,10.42,1,2.865,1778337988.407
trail_close,18,24.74,2.942,4.62,6,4.833,1778337993.24
player_death,18,34.84,0.0,0.57,0,0.797,1778337994.037
trail_close,18,37.05,3.482,12.94,5,5.503,1778337999.54
trail_close,18,1.26,0.983,12.35,0,2.268,1778338001.809
trail_close,18,0.11,0.083,8.17,0,1.148,1778338002.957
trail_close,18,10.42,0.083,3.56,0,0.588,1778338003.544
trail_close,19,3.16,0.832,7.0,1,2.082,1778338005.626
trail_close,19,1.89,0.665,10.86,1,1.16,1778338006.786
trail_close,19,2.11,0.906,1.64,2,4.041,1778338010.827
player_death,19,7.16,0.986,6.91,3,5.61,1778338016.437
trail_close,19,4.21,0.835,3.52,0,1.967,1778338018.405
trail_close,19,0.74,0.579,1.99,1,1.656,1778338020.06
player_death,19,12.11,1.394,2.54,3,3.336,1778338023.397
trail_close,19,4.84,1.335,10.23,1,2.242,1778338025.639
trail_close,19,0.42,0.332,9.13,1,1.494,1778338027.133
trail_close,19,1.68,0.582,4.68,1,2.61,1778338029.744
trail_close,19,1.68,0.835,4.17,2,4.278,1778338034.021
trail_close,19,0.21,0.168,10.65,1,0.641,1778338034.662
trail_close,19,6.11,1.007,6.05,1,1.42,1778338036.082
trail_close,19,5.89,1.164,12.78,0,5.671,1778338041.753
trail_close,19,3.16,0.826,9.94,1,2.924,1778338044.676
trail_close,19,1.05,0.498,13.34,1,4.022,1778338048.698
trail_close,19,22.53,5.05,14.89,10,6.026,1778338054.724
trail_close,19,8.0,0.914,8.87,2,1.378,1778338056.102
trail_close,19,1.89,0.499,14.57,0,1.539,1778338057.641
trail_close,19,8.84,0.828,3.34,1,5.308,1778338062.949
trail_close,19,0.53,0.418,4.82,0,1.15,1778338064.098
trail_close,19,1.37,0.578,5.58,2,2.484,1778338066.582
player_death,20,0.0,0.0,0.75,0,4.157,1778338070.739
player_death,20,0.0,0.0,1.87,0,11.664,1778338082.403
trail_close,20,2.21,0.752,8.7,1,4.998,1778338087.401
trail_close,20,1.68,0.59,11.75,1,1.439,1778338088.84
trail_close,20,4.11,1.235,14.8,1,5.98,1778338094.82
trail_close,20,1.47,1.524,5.12,2,4.58,1778338099.4
trail_close,20,1.05,0.836,2.52,1,5.887,1778338105.287
trail_close,20,1.37,1.408,3.33,1,6.31,1778338111.597
player_death,20,11.89,0.0,2.0,0,3.96,1778338115.557
trail_close,1,4.21,0.988,22.78,1,5.51,1778412944.153
trail_close,1,13.58,2.135,19.58,3,2.731,1778412946.884
trail_close,1,12.84,1.411,11.49,0,2.356,1778412949.24
trail_close,1,55.47,2.0,11.65,1,3.074,1778412952.314
trail_close,2,4.63,1.163,6.97,1,2.852,1778412955.166
trail_close,2,48.95,2.74,10.21,3,3.817,1778412958.983
trail_close,2,10.74,1.834,7.73,1,2.548,1778412961.531
trail_close,2,28.11,0.737,7.93,2,0.981,1778412962.511
trail_close,3,13.16,2.895,2.52,5,4.56,1778412967.071
trail_close,3,0.53,0.417,1.97,2,1.834,1778412968.905
trail_close,3,1.05,0.84,4.07,1,1.845,1778412970.75
trail_close,3,12.21,2.553,7.02,2,2.732,1778412973.482
trail_close,3,2.84,0.922,7.22,2,1.432,1778412974.915
trail_close,3,3.16,0.17,18.85,0,1.262,1778412976.176
trail_close,3,3.16,0.583,14.25,0,1.087,1778412977.264
trail_close,3,10.95,1.647,8.61,1,3.424,1778412980.688
trail_close,3,10.95,1.981,7.39,4,3.838,1778412984.526
trail_close,3,4.84,2.228,4.16,6,2.569,1778412987.095
trail_close,3,14.21,1.482,13.96,2,1.968,1778412989.063
trail_close,3,4.42,0.577,6.05,0,1.904,1778412990.967
trail_close,4,17.37,2.735,17.39,2,3.876,1778412994.843
trail_close,4,3.16,1.32,10.04,1,1.648,1778412996.49
trail_close,4,9.37,1.672,11.38,3,3.406,1778412999.897
trail_close,4,0.84,0.671,3.39,1,1.25,1778413001.146
trail_close,4,5.79,1.585,5.88,2,2.012,1778413003.159
trail_close,4,3.37,1.422,4.36,3,1.819,1778413004.978
trail_close,4,1.05,0.503,1.97,1,0.917,1778413005.895
trail_close,4,4.11,0.583,4.14,0,1.56,1778413007.454
trail_close,4,4.74,1.081,5.93,1,1.574,1778413009.028
trail_close,4,11.89,2.598,8.02,11,3.812,1778413012.84
trail_close,4,0.95,0.421,8.3,1,0.952,1778413013.792
trail_close,4,2.42,0.996,4.51,1,1.711,1778413015.502
trail_close,4,4.32,1.277,8.04,2,1.554,1778413017.056
player_death,4,69.37,0.75,0.68,0,2.817,1778413019.873
trail_close,4,2.63,0.832,7.14,1,3.917,1778413023.79
trail_close,4,3.68,0.575,11.62,0,1.399,1778413025.189
trail_close,4,1.47,0.576,6.3,0,0.817,1778413026.006
trail_close,4,1.58,0.821,5.15,2,1.199,1778413027.206
trail_close,4,0.42,0.435,5.38,2,0.901,1778413028.106
trail_close,4,0.42,0.251,6.35,1,0.833,1778413028.939
trail_close,4,0.84,0.407,4.69,1,2.151,1778413031.091
trail_close,5,2.0,2.041,12.06,1,3.57,1778413034.661
trail_close,5,1.68,0.585,6.65,1,1.347,1778413036.008
trail_close,5,0.42,0.338,6.62,1,0.419,1778413036.426
trail_close,5,0.74,0.587,7.47,2,0.666,1778413037.092
trail_close,5,3.68,0.589,7.02,0,0.667,1778413037.759
trail_close,5,1.79,0.588,6.57,0,1.0,1778413038.759
trail_close,5,1.37,0.739,3.02,1,1.066,1778413039.825
trail_close,5,0.21,0.17,2.95,0,0.833,1778413040.658
trail_close,5,0.74,0.587,2.52,1,2.314,1778413042.972
trail_close,5,7.68,1.654,6.4,1,2.119,1778413045.091
trail_close,5,10.84,1.587,15.7,1,1.832,1778413046.923
trail_close,5,20.84,1.67,5.82,2,2.984,1778413049.907
player_death,5,52.0,2.272,0.25,3,3.05,1778413052.956
trail_close,5,7.05,1.087,12.1,0,3.014,1778413055.971
player_death,5,59.05,1.085,6.1,1,1.333,1778413057.303
trail_close,5,16.84,1.573,9.38,2,4.752,1778413062.055
trail_close,5,2.63,0.752,7.97,1,1.695,1778413063.75
trail_close,5,0.21,0.167,5.65,1,0.55,1778413064.299
trail_close,5,1.89,0.668,5.39,1,1.253,1778413065.552
trail_close,6,1.89,1.5,6.16,3,3.983,1778413069.536
trail_close,6,12.53,1.403,16.77,0,2.269,1778413071.805
trail_close,6,2.95,0.836,10.47,1,1.249,1778413073.053
trail_close,6,8.0,1.411,10.29,1,2.078,1778413075.131
trail_close,6,4.11,1.279,6.72,3,1.805,1778413076.936
trail_close,6,2.63,2.142,7.6,3,2.455,1778413079.391
trail_close,6,46.42,2.077,4.86,3,2.24,1778413081.631
trail_close,6,2.74,0.676,4.62,1,1.94,1778413083.571
trail_close,7,2.21,1.753,4.04,1,4.046,1778413087.617
trail_close,7,1.37,1.036,2.15,4,2.134,1778413089.75
trail_close,7,8.84,0.745,3.86,2,0.823,1778413090.574
trail_close,7,1.47,1.171,12.71,1,1.662,1778413092.236
trail_close,7,0.95,0.414,8.85,1,0.734,1778413092.97
trail_close,7,5.79,1.086,9.52,2,1.165,1778413094.135
trail_close,7,1.16,0.502,5.16,1,2.097,1778413096.232
trail_close,7,9.47,1.817,16.39,1,2.308,1778413098.54
trail_close,7,0.74,0.581,3.06,2,1.369,1778413099.909
trail_close,7,8.32,1.508,6.05,1,1.996,1778413101.905
trail_close,7,0.63,0.503,11.6,1,0.911,1778413102.816
trail_close,7,3.26,0.908,6.0,1,1.25,1778413104.066
trail_close,7,4.42,0.989,8.87,1,2.085,1778413106.15
trail_close,7,6.84,1.087,13.75,0,1.498,1778413107.648
trail_close,7,1.26,1.04,3.05,2,2.066,1778413109.714
player_death,7,56.74,6.664,4.0,2,7.327,1778413117.042
trail_close,7,4.21,0.665,13.95,0,4.32,1778413121.362
trail_close,7,2.95,0.833,8.92,1,1.166,1778413122.527
trail_close,7,0.63,0.419,13.01,1,1.287,1778413123.814
trail_close,7,5.68,1.964,9.68,3,2.463,1778413126.277
trail_close,7,3.89,0.749,4.64,0,5.167,1778413131.443
player_death,7,74.11,1.251,0.21,2,1.666,1778413133.11
trail_close,7,3.47,0.748,9.65,0,5.613,1778413138.723
trail_close,7,2.53,0.908,5.06,2,2.345,1778413141.068
trail_close,8,4.74,1.087,14.25,1,2.762,1778413143.829
trail_close,8,14.21,1.891,16.5,1,2.451,1778413146.28
trail_close,8,2.84,2.287,2.68,7,3.398,1778413149.678
trail_close,8,2.11,1.65,2.2,1,1.731,1778413151.409
trail_close,8,5.05,1.252,5.09,1,1.701,1778413153.11
trail_close,8,1.37,0.418,3.79,1,0.499,1778413153.609
trail_close,8,9.05,0.42,4.63,1,0.882,1778413154.491
trail_close,8,0.42,0.335,2.63,1,0.417,1778413154.908
trail_close,8,0.11,0.085,3.95,1,0.166,1778413155.074
trail_close,8,2.11,0.505,6.07,1,0.584,1778413155.659
trail_close,8,0.63,0.083,3.54,0,0.415,1778413156.074
trail_close,8,0.21,0.167,3.17,0,0.25,1778413156.324
player_death,8,42.84,2.274,3.96,2,5.77,1778413162.093
trail_close,8,24.42,1.653,4.38,2,3.397,1778413165.49
trail_close,8,19.26,1.405,4.09,4,2.2,1778413167.69
trail_close,9,0.63,0.654,6.08,2,4.568,1778413172.259
trail_close,9,0.21,0.172,6.61,1,0.583,1778413172.842
trail_close,9,1.89,1.169,6.19,2,1.499,1778413174.341
trail_close,9,7.58,3.005,5.84,5,5.318,1778413179.659
trail_close,9,9.47,1.837,4.15,3,3.65,1778413183.308
trail_close,9,2.95,1.504,4.05,3,1.846,1778413185.154
trail_close,9,2.84,0.909,9.7,1,1.386,1778413186.541
trail_close,9,4.11,1.008,4.22,1,1.434,1778413187.975
trail_close,9,3.16,0.502,7.11,0,0.746,1778413188.721
trail_close,9,5.47,3.076,6.48,6,4.365,1778413193.086
trail_close,9,2.53,0.742,3.48,1,1.407,1778413194.493
player_death,9,40.84,0.25,0.52,1,0.642,1778413195.135
trail_close,1,24.11,2.41,9.42,4,3.841,1778413366.71
trail_close,1,57.68,3.719,12.3,7,4.922,1778413371.633
trail_close,2,29.05,2.411,24.7,2,4.266,1778413375.899
trail_close,2,1.26,0.494,11.97,1,0.826,1778413376.725
trail_close,2,4.63,0.919,14.0,1,1.991,1778413378.716
trail_close,2,1.05,0.818,3.27,1,1.349,1778413380.065
trail_close,2,34.53,4.471,14.23,6,5.483,1778413385.548
trail_close,2,12.21,1.499,5.25,3,2.414,1778413387.962
trail_close,3,21.05,2.086,10.63,0,3.52,1778413391.482
trail_close,3,1.26,0.987,3.27,2,2.415,1778413393.898
trail_close,3,4.32,1.785,1.64,2,2.616,1778413396.514
trail_close,3,54.11,4.368,6.01,8,5.681,1778413402.195
trail_close,4,19.58,2.519,12.96,4,3.87,1778413406.065
trail_close,4,19.05,2.339,3.91,2,2.766,1778413408.83
trail_close,4,2.84,0.92,5.98,1,1.284,1778413410.115
trail_close,4,16.74,1.829,13.3,1,2.48,1778413412.595
trail_close,4,1.58,1.248,3.89,1,2.643,1778413415.238
trail_close,4,6.42,0.914,13.41,0,1.488,1778413416.727
trail_close,4,2.53,0.751,6.89,1,1.35,1778413418.077
player_death,4,68.74,0.137,0.34,0,1.55,1778413419.627
trail_close,4,5.68,0.501,10.52,0,4.581,1778413424.208
trail_close,4,2.53,0.5,6.53,0,1.901,1778413426.109
trail_close,4,0.63,0.502,5.18,0,0.917,1778413427.026
trail_close,4,1.26,0.501,3.14,0,0.751,1778413427.777
trail_close,4,1.58,0.583,1.83,1,2.081,1778413429.858
trail_close,5,7.58,1.408,29.62,1,2.656,1778413432.514
trail_close,5,0.95,0.421,29.69,1,0.748,1778413433.262
trail_close,5,4.42,1.255,24.83,3,2.002,1778413435.264
trail_close,5,3.79,1.006,15.59,1,1.617,1778413436.881
trail_close,5,7.26,1.075,9.01,0,1.315,1778413438.195
trail_close,5,1.05,1.122,3.14,4,2.015,1778413440.211
trail_close,5,2.53,1.076,8.08,2,1.649,1778413441.86
trail_close,5,0.84,0.672,5.22,0,1.017,1778413442.877
player_death,5,28.42,1.567,0.4,3,1.812,1778413444.689
player_death,5,28.42,1.406,5.33,2,3.49,1778413448.179
trail_close,5,3.89,1.085,6.8,1,2.579,1778413450.757
trail_close,5,1.58,0.587,6.43,1,1.468,1778413452.225
trail_close,5,1.79,0.754,3.24,1,1.0,1778413453.225
trail_close,5,0.74,0.588,6.88,1,0.916,1778413454.141
trail_close,5,8.21,1.419,11.56,0,1.865,1778413456.007
trail_close,5,1.26,0.499,9.4,1,0.579,1778413456.586
trail_close,5,2.53,0.736,12.49,1,0.902,1778413457.488
trail_close,5,18.42,2.067,9.58,0,2.477,1778413459.965
trail_close,5,5.26,1.168,5.67,1,2.856,1778413462.821
trail_close,5,8.42,1.419,5.17,2,3.449,1778413466.27
trail_close,6,7.37,1.323,10.63,1,2.928,1778413469.198
player_death,6,7.37,0.416,1.15,0,1.32,1778413470.519
trail_close,6,9.47,1.506,2.53,2,2.672,1778413473.191
trail_close,6,7.26,2.083,5.7,5,2.883,1778413476.074
trail_close,6,8.84,1.496,13.75,1,1.989,1778413478.063
trail_close,6,2.95,0.673,8.59,1,1.86,1778413479.922
trail_close,6,0.84,0.421,4.63,1,0.665,1778413480.587
trail_close,6,0.95,0.421,5.97,1,0.669,1778413481.256
trail_close,6,2.11,0.672,7.11,1,0.915,1778413482.171
trail_close,6,11.79,1.833,10.12,1,2.698,1778413484.869
trail_close,6,5.58,2.067,11.91,6,3.318,1778413488.187
trail_close,6,0.32,0.251,4.66,1,0.582,1778413488.769
trail_close,6,9.58,1.499,8.02,4,2.317,1778413491.086
trail_close,6,0.42,0.251,7.3,1,0.531,1778413491.618
trail_close,6,4.42,1.317,4.02,3,1.725,1778413493.343
trail_close,6,4.0,0.501,10.88,2,1.592,1778413494.935
player_death,6,75.89,0.435,0.1,1,0.683,1778413495.617
trail_close,6,6.32,1.166,5.61,1,4.032,1778413499.649
trail_close,7,17.05,6.115,9.9,1,8.451,1778413508.1
trail_close,7,3.68,0.589,16.45,0,1.286,1778413509.386
trail_close,7,2.21,0.589,14.19,0,0.917,1778413510.303
trail_close,7,1.05,0.837,1.91,2,1.848,1778413512.151
trail_close,7,2.21,0.494,6.97,1,0.984,1778413513.136
trail_close,7,2.63,1.06,7.05,1,1.921,1778413515.057
trail_close,7,2.95,0.826,9.79,2,1.399,1778413516.456
trail_close,1,68.63,2.336,11.8,2,4.591,1778413598.756
player_death,1,68.63,0.61,3.97,1,2.072,1778413600.828
trail_close,1,31.37,0.832,9.16,0,1.325,1778413602.153
trail_close,2,1.26,1.001,2.52,2,2.651,1778413604.804
trail_close,2,45.26,2.085,23.14,0,2.335,1778413607.139
trail_close,2,43.79,1.65,6.02,1,2.392,1778413609.532
trail_close,3,18.63,3.081,8.86,6,4.197,1778413613.728
trail_close,3,3.16,0.745,8.42,1,1.271,1778413614.999
trail_close,3,1.58,0.995,5.16,2,1.241,1778413616.24
trail_close,3,1.16,0.42,3.82,1,0.912,1778413617.152
trail_close,3,0.84,0.669,3.52,1,1.787,1778413618.939
player_death,3,25.37,0.731,0.73,2,1.712,1778413620.651
trail_close,3,10.74,2.589,11.92,4,3.388,1778413624.039
trail_close,3,1.47,0.67,6.85,1,0.947,1778413624.986
trail_close,3,11.58,1.905,6.63,0,2.319,1778413627.305
trail_close,3,5.26,1.158,10.78,1,1.747,1778413629.052
trail_close,3,8.11,1.407,5.37,1,2.065,1778413631.117
trail_close,3,3.89,0.583,9.59,1,1.682,1778413632.799
trail_close,3,5.89,2.354,19.06,5,2.683,1778413635.482
trail_close,3,3.58,0.748,10.47,1,1.899,1778413637.381
trail_close,3,5.05,1.073,5.89,1,1.399,1778413638.78
trail_close,4,5.79,1.24,1.49,1,4.475,1778413643.255
trail_close,4,4.74,1.088,9.12,1,1.701,1778413644.956
trail_close,4,2.95,0.837,19.22,1,1.163,1778413646.118
trail_close,4,16.42,1.985,13.7,1,2.815,1778413648.933
trail_close,4,10.11,2.205,28.93,5,3.249,1778413652.183
trail_close,4,0.21,0.102,17.77,0,0.466,1778413652.649
trail_close,4,36.21,1.986,6.01,3,2.083,1778413654.732
trail_close,4,1.05,0.253,1.05,1,0.834,1778413655.566
player_death,4,77.47,0.484,2.32,1,1.649,1778413657.215
trail_close,4,4.95,0.67,4.91,2,9.951,1778413667.166
trail_close,5,7.79,1.706,3.86,3,3.103,1778413670.269
trail_close,5,29.05,3.836,5.39,7,4.348,1778413674.616
trail_close,5,2.0,1.574,9.45,4,3.98,1778413678.596
trail_close,5,3.68,0.583,2.52,0,1.051,1778413679.647
trail_close,5,1.68,0.421,3.35,2,0.701,1778413680.347
player_death,5,44.21,0.139,0.26,0,0.22,1778413680.567
trail_close,5,8.42,1.242,10.15,0,3.88,1778413684.447
trail_close,5,9.58,1.582,9.04,1,2.764,1778413687.211
trail_close,5,8.11,1.736,14.13,0,2.066,1778413689.277
trail_close,5,6.84,0.918,6.09,1,1.999,1778413691.277
trail_close,5,3.26,0.667,9.07,2,3.333,1778413694.609
trail_close,6,4.32,1.078,14.38,3,2.689,1778413697.298
trail_close,6,7.26,1.921,5.22,5,2.266,1778413699.564
trail_close,6,6.95,1.738,4.58,1,2.331,1778413701.895
trail_close,6,15.79,1.158,6.56,2,2.624,1778413704.519
trail_close,6,8.0,1.496,7.35,1,3.003,1778413707.522
player_death,6,42.32,1.176,12.83,1,2.327,1778413709.849
trail_close,6,35.68,1.579,6.99,0,4.154,1778413714.003
trail_close,6,3.79,1.003,6.38,1,2.22,1778413716.223
player_death,7,0.0,5.269,4.82,1,8.052,1778413724.275
trail_close,7,1.26,1.622,11.86,2,4.939,1778413729.214
trail_close,7,0.63,0.338,8.81,1,0.581,1778413729.795
player_death,7,1.89,6.616,3.9,0,6.86,1778413736.656
trail_close,7,8.11,1.423,11.05,1,3.256,1778413739.912
trail_close,7,0.95,0.42,8.76,1,1.884,1778413741.795
trail_close,7,1.26,0.505,8.36,1,1.63,1778413743.426
trail_close,7,15.16,1.897,3.42,2,2.3,1778413745.726
trail_close,7,1.05,0.915,2.0,1,1.482,1778413747.208
trail_close,7,3.68,0.92,10.64,1,7.65,1778413754.858
trail_close,7,27.05,3.268,6.37,5,4.096,1778413758.954
trail_close,7,1.26,0.503,4.43,2,3.184,1778413762.138
trail_close,7,0.74,0.503,3.63,1,2.532,1778413764.67
trail_close,7,2.95,0.751,15.96,1,1.35,1778413766.02
trail_close,7,1.26,0.664,7.96,2,1.078,1778413767.098
trail_close,7,1.37,0.577,4.16,2,1.156,1778413768.254
trail_close,7,0.42,0.268,7.64,1,2.398,1778413770.653
trail_close,7,1.58,0.506,6.92,1,0.754,1778413771.406
trail_close,7,2.21,0.583,4.4,0,2.828,1778413774.235
trail_close,7,2.74,1.0,9.84,3,2.601,1778413776.836
trail_close,7,1.26,0.504,7.48,1,1.0,1778413777.836
trail_close,7,2.84,0.834,3.61,2,1.584,1778413779.42
trail_close,7,1.05,0.587,6.67,3,1.083,1778413780.503
trail_close,7,1.16,0.91,7.37,1,1.398,1778413781.901
trail_close,8,8.42,1.408,12.98,1,2.956,1778413784.856
trail_close,8,14.53,1.405,24.88,2,2.263,1778413787.119
trail_close,8,4.95,1.409,10.47,1,1.751,1778413788.871
trail_close,8,5.89,1.42,10.8,1,2.245,1778413791.116
trail_close,8,1.47,1.169,3.71,2,1.834,1778413792.951
trail_close,8,1.47,0.751,4.38,3,1.098,1778413794.049
trail_close,8,0.84,0.414,3.2,1,0.492,1778413794.541
player_death,8,37.58,0.978,5.94,1,1.223,1778413795.764
trail_close,8,4.21,0.842,2.09,0,2.857,1778413798.62
trail_close,8,32.95,3.235,5.15,7,4.094,1778413802.715
trail_close,8,2.11,1.401,3.79,3,1.748,1778413804.463
trail_close,8,10.21,0.575,6.89,0,1.474,1778413805.936
trail_close,9,2.21,0.919,3.75,2,4.298,1778413810.234
player_death,9,2.21,1.254,0.82,3,1.578,1778413811.812
trail_close,9,6.95,1.324,11.04,1,2.289,1778413814.101
trail_close,9,1.89,0.675,3.85,1,2.433,1778413816.534
trail_close,9,0.74,0.582,14.64,1,6.231,1778413822.765
trail_close,9,1.05,0.702,4.0,1,1.716,1778413824.48
trail_close,9,8.53,1.826,14.16,4,2.739,1778413827.219
trail_close,9,1.79,1.413,2.15,1,3.028,1778413830.247
trail_close,9,0.63,0.689,3.51,1,1.117,1778413831.365
trail_close,9,3.58,1.16,6.42,5,1.974,1778413833.338
player_death,9,27.37,0.761,0.78,0,0.921,1778413834.259
trail_close,9,16.53,2.013,7.37,5,3.717,1778413837.976
trail_close,9,1.16,0.778,7.63,2,1.547,1778413839.523
trail_close,9,1.05,1.511,4.61,1,1.968,1778413841.491
trail_close,9,0.21,0.463,4.12,1,0.544,1778413842.035
player_death,9,46.32,1.603,0.57,0,3.726,1778413845.761
trail_close,1,37.47,2.402,20.62,2,4.753,1778413911.987
trail_close,1,2.84,1.105,7.81,3,1.435,1778413913.422
trail_close,1,3.16,1.081,3.13,3,1.494,1778413914.917
trail_close,1,25.26,3.32,10.72,4,3.818,1778413918.735
player_death,1,68.74,1.314,0.64,2,3.566,1778413922.3
trail_close,1,5.05,0.66,11.88,0,3.133,1778413925.433
trail_close,1,15.79,1.085,8.95,2,1.667,1778413927.1
trail_close,2,26.32,2.087,8.01,0,4.321,1778413931.421
trail_close,2,6.32,1.323,5.16,1,1.814,1778413933.236
trail_close,2,3.05,2.415,4.17,3,3.163,1778413936.398
trail_close,2,8.95,0.418,14.96,0,0.782,1778413937.181
trail_close,2,15.68,1.583,16.34,0,1.666,1778413938.847
trail_close,2,1.26,0.497,6.93,1,0.873,1778413939.72
trail_close,2,1.68,0.581,10.5,1,0.943,1778413940.663
trail_close,2,2.63,0.742,10.34,1,2.835,1778413943.498
trail_close,2,5.68,0.756,6.11,0,1.088,1778413944.586
trail_close,2,1.89,0.684,1.41,1,1.163,1778413945.748
trail_close,2,1.58,1.249,4.44,0,2.164,1778413947.912
trail_close,2,8.42,0.826,12.48,0,1.068,1778413948.98
trail_close,3,2.21,1.747,9.01,1,3.23,1778413952.209
trail_close,3,15.47,1.419,12.62,1,2.222,1778413954.432
trail_close,3,15.37,2.603,5.64,3,3.369,1778413957.8
trail_close,3,4.42,0.505,5.01,0,0.83,1778413958.63
trail_close,3,2.53,0.503,2.46,0,1.836,1778413960.466
trail_close,3,15.79,2.169,16.42,4,2.667,1778413963.133
trail_close,3,7.89,2.103,6.75,3,2.614,1778413965.747
trail_close,3,0.42,0.335,5.93,1,0.833,1778413966.58
trail_close,3,8.42,1.081,6.54,0,1.331,1778413967.912
trail_close,3,1.05,0.516,4.64,1,1.118,1778413969.03
trail_close,3,10.84,1.167,8.67,0,2.167,1778413971.197
trail_close,4,3.79,0.923,8.77,1,3.433,1778413974.63
trail_close,4,3.68,0.909,15.58,1,1.615,1778413976.246
trail_close,4,4.42,1.005,21.35,1,1.169,1778413977.414
trail_close,4,1.26,0.505,3.88,1,1.416,1778413978.83
trail_close,4,11.37,1.331,22.91,0,2.033,1778413980.864
trail_close,4,3.68,0.921,8.43,1,1.45,1778413982.314
trail_close,4,0.84,0.418,7.53,1,2.613,1778413984.927
player_death,4,29.05,1.735,2.66,3,2.917,1778413987.844
trail_close,4,4.21,1.001,10.03,1,2.85,1778413990.694
player_death,4,33.26,1.136,2.18,1,2.5,1778413993.194
trail_close,4,0.11,0.121,4.83,1,1.834,1778413995.028
trail_close,4,0.42,0.252,2.95,1,1.4,1778413996.427
trail_close,4,1.26,0.503,7.87,1,1.0,1778413997.428
trail_close,4,10.42,1.586,8.81,1,5.363,1778414002.791
trail_close,4,1.68,0.744,11.79,1,2.951,1778414005.741
trail_close,4,0.84,0.419,5.7,1,0.915,1778414006.656
trail_close,4,6.0,1.163,12.86,2,3.434,1778414010.091
trail_close,4,4.84,1.322,10.45,1,1.668,1778414011.758
trail_close,4,8.42,1.319,10.79,0,2.232,1778414013.991
trail_close,4,0.42,0.441,3.02,1,2.365,1778414016.355
player_death,4,67.68,0.197,0.53,1,1.642,1778414017.997
player_death,4,67.68,0.0,0.39,0,0.006,1778414018.003
trail_close,1,55.26,3.987,11.92,4,5.797,1778415580.452
trail_close,1,15.58,3.412,17.09,4,4.442,1778415584.894
trail_close,1,6.95,0.5,9.39,0,1.639,1778415586.534
trail_close,1,17.16,0.501,2.49,0,1.353,1778415587.886
trail_close,2,2.95,2.322,22.35,2,3.747,1778415591.634
trail_close,2,2.95,0.834,15.73,1,1.398,1778415593.031
trail_close,2,5.16,0.584,12.25,0,0.664,1778415593.695
trail_close,2,3.37,0.331,4.87,0,1.404,1778415595.099
trail_close,2,0.11,0.086,4.97,1,0.164,1778415595.263
trail_close,2,0.21,0.171,7.52,1,0.252,1778415595.515
trail_close,2,1.58,0.982,3.1,3,2.482,1778415597.997
trail_close,2,56.53,3.401,4.76,7,3.483,1778415601.48
trail_close,2,17.68,0.583,4.64,0,1.601,1778415603.081
trail_close,3,14.21,2.138,8.85,3,4.755,1778415607.836
trail_close,3,0.53,0.421,8.76,1,0.801,1778415608.637
trail_close,3,1.05,0.509,20.15,1,1.249,1778415609.886
trail_close,3,1.37,1.086,3.27,1,1.495,1778415611.382
trail_close,3,26.0,2.404,7.53,2,2.817,1778415614.199
trail_close,3,18.84,1.828,2.83,0,3.193,1778415617.391
trail_close,3,1.05,0.164,5.06,0,0.408,1778415617.8
trail_close,3,3.68,1.26,2.74,2,2.27,1778415620.069
trail_close,3,3.26,1.084,6.57,3,1.662,1778415621.731
trail_close,3,0.63,0.5,5.67,1,0.664,1778415622.395
trail_close,3,1.89,0.501,5.68,1,0.833,1778415623.229
trail_close,3,2.53,0.251,10.02,0,0.833,1778415624.062
trail_close,3,2.11,0.664,8.56,1,1.079,1778415625.141
player_death,3,77.16,0.265,0.79,0,0.676,1778415625.817
trail_close,3,4.21,0.832,5.78,0,5.042,1778415630.859
trail_close,4,7.58,1.415,11.72,1,2.614,1778415633.473
trail_close,4,11.05,1.753,8.6,1,2.424,1778415635.897
trail_close,4,5.68,1.162,4.57,1,2.515,1778415638.412
trail_close,4,5.26,1.162,13.46,1,3.008,1778415641.42
trail_close,4,2.11,0.993,5.27,3,3.193,1778415644.614
trail_close,4,0.63,0.548,2.58,1,0.811,1778415645.424
trail_close,4,8.11,1.408,17.51,1,2.909,1778415648.334
trail_close,4,11.58,1.582,11.38,3,1.911,1778415650.244
player_death,4,52.0,1.283,6.78,0,1.362,1778415651.607
trail_close,4,2.11,0.83,7.23,3,2.985,1778415654.592
trail_close,4,4.84,0.921,9.35,1,1.821,1778415656.413
trail_close,4,1.89,0.753,7.21,0,1.829,1778415658.241
trail_close,4,3.26,0.75,8.69,3,1.916,1778415660.157
trail_close,4,0.63,0.414,3.11,2,1.023,1778415661.18
trail_close,4,0.63,0.335,2.96,1,1.244,1778415662.425
player_death,4,65.37,0.486,1.28,1,1.099,1778415663.524
trail_close,4,4.11,1.069,6.56,2,4.731,1778415668.255
trail_close,4,3.16,1.03,7.71,2,4.397,1778415672.652
trail_close,4,2.53,0.498,12.77,0,1.155,1778415673.807
trail_close,4,2.11,0.667,8.51,1,0.996,1778415674.803
trail_close,4,0.11,0.084,6.3,1,0.933,1778415675.736
trail_close,4,0.84,0.421,4.86,1,3.02,1778415678.756
trail_close,4,0.42,0.33,7.91,0,1.391,1778415680.148
trail_close,4,0.21,0.168,10.32,0,1.057,1778415681.205
trail_close,4,0.21,0.168,8.23,1,0.751,1778415681.955
trail_close,4,0.84,0.5,10.87,1,2.264,1778415684.22
trail_close,4,0.21,0.199,4.75,1,2.262,1778415686.482
trail_close,5,6.32,1.504,6.26,1,4.227,1778415690.709
trail_close,5,0.63,0.505,3.02,1,0.999,1778415691.708
trail_close,5,14.42,1.743,10.51,0,2.921,1778415694.629
trail_close,5,3.16,0.828,7.51,1,2.046,1778415696.674
trail_close,5,0.95,0.421,5.26,1,1.848,1778415698.522
trail_close,5,1.58,0.751,16.17,1,1.318,1778415699.84
trail_close,5,1.79,0.908,11.48,1,1.382,1778415701.222
trail_close,5,2.0,0.837,6.84,1,1.001,1778415702.223
trail_close,5,1.26,0.499,6.46,1,0.83,1778415703.053
trail_close,5,1.26,0.518,6.92,1,0.841,1778415703.894
trail_close,5,0.84,0.42,9.07,1,0.994,1778415704.888
trail_close,5,3.37,1.004,7.05,2,1.682,1778415706.569
trail_close,5,2.32,0.965,6.06,2,1.369,1778415707.938
trail_close,5,2.0,1.297,8.5,5,1.65,1778415709.588
trail_close,5,2.32,0.588,2.03,0,1.333,1778415710.921
trail_close,5,0.11,0.087,8.01,0,0.796,1778415711.716
trail_close,5,2.11,0.666,2.42,1,1.819,1778415713.536
trail_close,5,0.42,0.254,6.15,1,0.568,1778415714.103
trail_close,5,1.47,0.834,10.48,3,1.247,1778415715.35
trail_close,5,9.05,2.001,6.02,4,3.518,1778415718.869
trail_close,5,6.74,0.828,5.52,1,3.79,1778415722.659
player_death,5,64.11,0.031,0.64,0,0.357,1778415723.016
trail_close,5,3.37,1.085,5.52,3,1.968,1778415724.984
trail_close,5,5.05,1.084,5.4,1,2.065,1778415727.049
trail_close,5,0.74,0.583,1.95,1,1.085,1778415728.133
trail_close,5,3.79,1.235,9.3,1,1.769,1778415729.902
trail_close,5,2.11,0.66,7.39,1,1.548,1778415731.45
trail_close,5,1.68,0.586,7.09,1,1.717,1778415733.167
trail_close,6,2.95,2.336,15.58,2,4.868,1778415738.035
trail_close,6,3.16,0.828,7.9,1,1.414,1778415739.448
trail_close,6,6.32,0.836,17.06,0,0.915,1778415740.363
trail_close,6,8.11,0.59,7.58,0,1.523,1778415741.886
player_death,6,20.53,1.017,5.06,1,1.095,1778415742.981
trail_close,6,3.68,0.92,8.43,1,2.001,1778415744.982
trail_close,6,0.63,0.502,8.09,1,1.8,1778415746.782
trail_close,6,1.26,0.497,9.77,1,2.368,1778415749.15
trail_close,6,2.53,0.664,3.33,0,1.075,1778415750.225
trail_close,6,1.05,0.505,2.85,1,1.657,1778415751.881
trail_close,6,0.21,0.85,3.63,1,0.932,1778415752.813
player_death,6,29.89,0.743,1.98,2,3.893,1778415756.706
trail_close,6,0.42,0.251,4.06,1,2.14,1778415758.846
trail_close,6,2.84,0.999,8.34,1,1.651,1778415760.497
trail_close,6,6.53,1.42,2.96,1,3.048,1778415763.545
trail_close,6,1.79,1.035,6.1,3,2.617,1778415766.162
trail_close,6,10.74,1.822,4.31,1,2.42,1778415768.582
trail_close,6,19.68,1.239,3.7,1,3.332,1778415771.914
trail_close,6,6.53,1.402,4.8,4,2.229,1778415774.143
trail_close,6,0.21,0.216,5.46,1,2.31,1778415776.453
trail_close,6,0.42,0.252,5.13,1,0.334,1778415776.788
trail_close,6,1.26,0.501,9.93,1,2.273,1778415779.06
trail_close,7,3.79,0.91,2.68,1,2.333,1778415781.393
trail_close,7,10.0,1.591,10.31,0,3.772,1778415785.165
trail_close,7,1.05,0.835,4.09,1,0.996,1778415786.161
trail_close,7,8.53,1.424,17.22,1,3.105,1778415789.266
trail_close,7,8.32,2.136,2.21,4,3.277,1778415792.544
trail_close,7,18.0,2.159,11.87,4,2.382,1778415794.926
player_death,7,49.68,0.297,0.31,1,4.903,1778415799.829
trail_close,7,2.95,0.67,4.83,0,2.68,1778415802.509
trail_close,7,5.16,1.086,6.65,1,1.916,1778415804.425
trail_close,7,9.68,1.95,12.77,5,2.449,1778415806.874
trail_close,7,2.11,1.202,7.86,2,2.234,1778415809.107
trail_close,7,5.58,0.498,9.74,1,4.832,1778415813.939
trail_close,7,3.89,0.418,5.76,0,0.767,1778415814.706
trail_close,7,1.68,0.669,9.71,2,2.001,1778415816.706
trail_close,8,15.79,2.064,17.16,0,3.743,1778415820.449
trail_close,8,13.26,1.82,4.59,1,6.591,1778415827.04
trail_close,8,33.89,2.487,6.68,1,4.139,1778415831.179
trail_close,8,3.16,0.841,6.07,1,4.226,1778415835.405
trail_close,8,3.89,1.403,13.97,2,2.217,1778415837.622
trail_close,8,2.42,0.661,8.63,1,1.575,1778415839.197
trail_close,8,1.58,0.748,6.42,2,1.321,1778415840.518
trail_close,8,1.16,0.417,7.17,1,1.251,1778415841.769
player_death,8,75.16,0.196,0.91,0,2.155,1778415843.924
trail_close,8,2.95,0.824,10.3,1,2.078,1778415846.002
trail_close,8,2.74,1.125,6.92,3,2.207,1778415848.209
player_death,9,0.0,2.099,0.15,5,4.775,1778415852.984
trail_close,9,0.42,3.037,7.54,1,3.871,1778415856.855
trail_close,9,6.32,1.256,13.63,1,2.534,1778415859.388
player_death,9,6.74,0.201,0.99,1,0.612,1778415860.0
trail_close,1,32.74,2.751,20.36,4,4.209,1778415984.803
trail_close,1,1.58,0.582,6.41,1,0.944,1778415985.747
trail_close,1,6.74,1.078,14.29,0,1.737,1778415987.484
trail_close,1,11.58,2.076,11.86,0,2.585,1778415990.069
trail_close,1,20.84,1.494,10.5,0,2.844,1778415992.913
player_death,1,73.47,0.955,3.46,1,2.026,1778415994.939
trail_close,1,3.16,1.266,2.59,3,3.613,1778415998.553
trail_close,1,12.0,1.665,12.5,3,2.365,1778416000.918
trail_close,2,1.05,0.834,2.03,4,2.399,1778416003.316
trail_close,2,0.42,0.169,1.4,0,0.449,1778416003.765
trail_close,2,25.16,1.825,7.22,0,1.905,1778416005.67
trail_close,2,44.21,3.879,1.15,7,5.007,1778416010.677
trail_close,2,3.58,1.408,6.27,4,1.948,1778416012.625
trail_close,2,6.95,1.0,5.96,0,1.41,1778416014.035
trail_close,3,5.05,1.25,13.02,3,2.902,1778416016.937
trail_close,3,14.21,2.255,11.73,3,2.798,1778416019.735
trail_close,3,9.26,0.919,5.2,2,2.984,1778416022.718
trail_close,3,0.95,0.422,7.11,1,0.764,1778416023.483
trail_close,3,0.21,0.171,3.6,0,0.661,1778416024.143
trail_close,3,17.05,2.171,3.93,1,3.071,1778416027.215
trail_close,3,11.26,1.252,4.62,3,2.268,1778416029.483
trail_close,3,2.0,1.581,6.88,1,3.849,1778416033.331
trail_close,3,5.58,1.334,7.41,0,1.75,1778416035.081
trail_close,3,6.21,1.334,6.55,0,2.332,1778416037.413
trail_close,3,4.21,1.504,7.61,2,1.935,1778416039.348
trail_close,3,4.63,0.668,7.97,2,2.883,1778416042.231
trail_close,4,8.84,2.088,6.01,5,4.352,1778416046.583
trail_close,4,4.95,1.254,6.97,1,1.833,1778416048.416
trail_close,4,3.58,1.328,5.04,2,1.822,1778416050.238
trail_close,4,13.05,1.488,7.16,3,2.309,1778416052.547
trail_close,4,6.74,1.705,14.7,5,2.567,1778416055.113
trail_close,4,5.26,1.168,8.76,1,1.498,1778416056.611
trail_close,4,14.11,1.573,3.99,0,2.318,1778416058.929
player_death,4,56.53,1.1,5.51,1,4.594,1778416063.523
trail_close,4,2.21,1.751,10.7,2,4.919,1778416068.442
trail_close,4,4.74,1.249,13.0,0,2.532,1778416070.974
trail_close,4,0.63,0.503,9.6,0,0.918,1778416071.892
trail_close,4,2.11,0.668,7.43,0,1.167,1778416073.059
trail_close,4,6.74,0.664,8.41,0,1.43,1778416074.489
trail_close,4,2.74,0.862,8.45,1,1.275,1778416075.764
trail_close,4,0.42,0.335,6.02,1,1.162,1778416076.926
trail_close,4,5.89,0.499,4.58,1,0.582,1778416077.508
trail_close,5,5.89,1.177,7.76,1,2.756,1778416080.264
trail_close,5,14.42,1.667,10.35,1,2.416,1778416082.679
trail_close,5,6.32,1.337,7.8,1,1.83,1778416084.509
trail_close,5,8.11,1.331,7.63,1,1.902,1778416086.411
trail_close,5,0.74,0.587,3.52,1,1.133,1778416087.543
trail_close,5,3.47,1.084,1.3,1,1.413,1778416088.957
trail_close,5,1.79,1.404,2.9,1,2.47,1778416091.427
trail_close,5,9.47,1.496,13.02,1,2.092,1778416093.519
trail_close,5,7.58,1.496,7.47,2,2.387,1778416095.905
trail_close,5,3.68,0.416,4.56,0,0.833,1778416096.739
trail_close,5,0.63,0.516,3.6,2,0.766,1778416097.505
trail_close,5,0.42,0.086,4.0,0,0.168,1778416097.672
trail_close,5,0.21,0.184,4.05,1,0.646,1778416098.318
trail_close,5,2.11,0.924,2.11,2,1.167,1778416099.485
trail_close,5,0.11,0.086,3.41,0,0.169,1778416099.654
trail_close,5,1.58,0.254,7.09,0,0.499,1778416100.153
trail_close,5,0.42,0.339,5.57,2,0.505,1778416100.657
trail_close,5,2.11,0.75,2.71,3,1.246,1778416101.903
trail_close,5,11.26,0.911,4.96,1,1.895,1778416103.798
trail_close,6,2.63,2.087,17.35,0,3.992,1778416107.79
player_death,6,2.63,3.958,4.37,3,6.298,1778416114.088
trail_close,6,3.68,0.913,5.76,1,1.686,1778416115.774
trail_close,6,2.95,2.318,19.31,0,2.397,1778416118.171
trail_close,6,17.68,2.331,6.13,0,3.813,1778416121.984
trail_close,6,5.89,1.16,17.29,1,1.968,1778416123.953
trail_close,6,5.05,0.501,16.09,0,0.584,1778416124.537
trail_close,6,5.16,0.957,6.37,2,2.539,1778416127.075
trail_close,6,14.84,0.75,5.19,0,1.86,1778416128.935
trail_close,6,2.11,0.418,2.33,0,2.066,1778416131.001
trail_close,6,0.84,0.417,3.66,1,1.283,1778416132.284
trail_close,6,1.58,0.573,4.66,1,1.104,1778416133.387
trail_close,6,1.58,0.503,3.08,0,0.799,1778416134.186
trail_close,6,0.32,0.248,8.45,1,0.33,1778416134.517
trail_close,6,0.53,0.41,8.47,1,1.8,1778416136.317
trail_close,6,1.26,0.668,9.08,2,0.75,1778416137.067
trail_close,6,2.53,0.497,5.08,0,0.863,1778416137.931
trail_close,6,8.0,1.072,6.07,2,2.224,1778416140.154
player_death,6,76.63,0.845,3.5,1,2.167,1778416142.321
trail_close,6,3.16,0.85,4.73,0,4.828,1778416147.15
trail_close,6,0.63,0.334,2.76,1,1.732,1778416148.882
player_death,7,0.0,0.904,5.93,1,4.237,1778416153.119
trail_close,7,11.37,1.906,5.64,1,2.401,1778416155.52
trail_close,7,2.53,0.755,4.22,1,1.234,1778416156.753
player_death,7,13.89,1.169,3.99,1,2.446,1778416159.199
trail_close,7,3.16,0.835,10.16,1,2.103,1778416161.302
trail_close,7,0.84,0.505,2.63,2,1.417,1778416162.719
trail_close,7,7.79,1.165,7.46,1,1.747,1778416164.466
trail_close,7,1.16,0.418,8.37,1,1.32,1778416165.786
trail_close,7,2.0,0.84,7.07,2,1.166,1778416166.952
trail_close,7,1.58,0.587,5.02,1,0.831,1778416167.783
trail_close,7,10.42,1.571,8.58,1,2.966,1778416170.749
trail_close,7,3.16,0.829,7.95,1,1.518,1778416172.267
trail_close,7,5.68,1.336,3.14,2,1.581,1778416173.848
trail_close,7,1.05,0.833,3.04,1,1.183,1778416175.031
trail_close,7,6.32,1.249,9.68,0,3.199,1778416178.23
trail_close,7,6.42,1.085,10.17,0,1.249,1778416179.479
trail_close,7,0.42,0.25,4.34,1,0.748,1778416180.226
trail_close,7,2.63,0.749,9.28,1,2.534,1778416182.76
trail_close,7,0.84,0.419,10.66,1,1.32,1778416184.08
trail_close,7,14.0,1.921,2.07,2,2.167,1778416186.247
trail_close,8,8.53,1.42,15.39,1,6.016,1778416192.263
player_death,8,8.53,1.632,3.72,3,3.828,1778416196.092
trail_close,8,3.79,0.921,7.08,1,2.538,1778416198.63
trail_close,8,26.0,2.239,14.97,1,3.286,1778416201.916
trail_close,8,8.42,2.079,7.05,4,3.381,1778416205.297
trail_close,8,1.68,0.585,4.31,1,1.163,1778416206.46
trail_close,8,23.47,2.406,9.86,4,3.453,1778416209.913
trail_close,8,2.42,2.153,2.1,6,2.831,1778416212.744
trail_close,8,0.74,0.581,2.44,1,1.043,1778416213.787
trail_close,8,10.95,0.412,4.27,0,1.237,1778416215.024
trail_close,9,11.05,1.735,19.45,1,3.863,1778416218.887
trail_close,9,9.16,1.921,9.14,3,3.408,1778416222.295
trail_close,9,1.26,0.502,1.49,1,0.83,1778416223.125
player_death,9,21.47,1.887,0.61,0,2.68,1778416225.805
player_death,9,21.47,1.399,11.67,2,3.284,1778416229.088
trail_close,9,5.26,3.171,10.23,6,5.272,1778416234.36
trail_close,9,4.74,1.255,5.37,1,2.684,1778416237.044
player_death,9,31.47,1.56,0.99,0,1.967,1778416239.01
player_death,1,0.0,0.0,27.59,0,1.908,1778416240.919
trail_close,1,18.42,2.064,11.44,0,2.988,1778416243.907
trail_close,1,2.95,1.203,12.72,3,1.565,1778416245.472
trail_close,1,7.58,1.325,21.19,1,1.939,1778416247.412
trail_close,1,1.26,0.491,14.31,1,0.82,1778416248.232
trail_close,1,7.68,1.15,7.55,1,1.79,1778416250.022
trail_close,1,5.58,1.417,16.6,2,461.392,1778416711.414
trail_close,1,1.47,1.556,16.45,5,1.889,1778416713.302
trail_close,1,0.21,0.268,7.67,1,1.196,1778416714.499
